2025-01-27 07:20:55,792 INFO o.a.j.u.JMeterUtils: Setting Locale to en_EN
2025-01-27 07:20:55,890 INFO o.a.j.JMeter: Loading user properties from: user.properties
2025-01-27 07:20:55,908 INFO o.a.j.JMeter: Loading system properties from: system.properties
2025-01-27 07:20:55,925 INFO o.a.j.JMeter: Copyright (c) 1998-2024 The Apache Software Foundation
2025-01-27 07:20:55,925 INFO o.a.j.JMeter: Version 5.6.3
2025-01-27 07:20:55,925 INFO o.a.j.JMeter: java.version=20.0.2
2025-01-27 07:20:55,925 INFO o.a.j.JMeter: java.vm.name=Java HotSpot(TM) 64-Bit Server VM
2025-01-27 07:20:55,925 INFO o.a.j.JMeter: os.name=Windows 11
2025-01-27 07:20:55,925 INFO o.a.j.JMeter: os.arch=amd64
2025-01-27 07:20:55,926 INFO o.a.j.JMeter: os.version=10.0
2025-01-27 07:20:55,926 INFO o.a.j.JMeter: file.encoding=UTF-8
2025-01-27 07:20:55,926 INFO o.a.j.JMeter: java.awt.headless=null
2025-01-27 07:20:55,926 INFO o.a.j.JMeter: Max memory     =1073741824
2025-01-27 07:20:55,926 INFO o.a.j.JMeter: Available Processors =20
2025-01-27 07:20:55,945 INFO o.a.j.JMeter: Default Locale=English (EN)
2025-01-27 07:20:55,945 INFO o.a.j.JMeter: JMeter  Locale=English (EN)
2025-01-27 07:20:55,945 INFO o.a.j.JMeter: JMeterHome=C:\Program Files\Java\apache-jmeter-5.6.3\apache-jmeter-5.6.3
2025-01-27 07:20:55,945 INFO o.a.j.JMeter: user.dir  =C:\Program Files\Java\apache-jmeter-5.6.3\apache-jmeter-5.6.3\bin
2025-01-27 07:20:55,946 INFO o.a.j.JMeter: PWD       =C:\Program Files\Java\apache-jmeter-5.6.3\apache-jmeter-5.6.3\bin
2025-01-27 07:20:55,948 INFO o.a.j.JMeter: IP: 192.168.1.34 Name: GHT-TAS-04 FullName: GHT-TAS-04.flowers.local
2025-01-27 07:20:55,962 INFO o.a.j.JMeter: Loaded icon properties from org/apache/jmeter/images/icon.properties
2025-01-27 07:20:56,422 INFO o.a.j.JMeterGuiLauncher: Setting LAF to: laf:javax.swing.plaf.nimbus.NimbusLookAndFeel
2025-01-27 07:20:57,747 INFO o.a.j.r.ClassFinder: Will scan jar C:\Program Files\Java\apache-jmeter-5.6.3\apache-jmeter-5.6.3\lib\ext\jmeter-formman-1.0.jar with filter ExtendsClassFilter [parents=[interface org.apache.jmeter.gui.action.Command], inner=false, contains=null, notContains=null]. Consider exposing JMeter plugins via META-INF/services, and add JMeter-Skip-Class-Scanning=true manifest attribute so JMeter can skip classfile scanning
2025-01-27 07:20:57,751 INFO o.a.j.r.ClassFinder: Will scan jar C:\Program Files\Java\apache-jmeter-5.6.3\apache-jmeter-5.6.3\lib\ext\jmeter-datadog-backend-listener-0.5.0.jar with filter ExtendsClassFilter [parents=[interface org.apache.jmeter.gui.action.Command], inner=false, contains=null, notContains=null]. Consider exposing JMeter plugins via META-INF/services, and add JMeter-Skip-Class-Scanning=true manifest attribute so JMeter can skip classfile scanning
2025-01-27 07:20:57,762 INFO o.a.j.r.ClassFinder: Will scan jar C:\Program Files\Java\apache-jmeter-5.6.3\apache-jmeter-5.6.3\lib\ext\jmeter-plugins-jmxmon-0.3.jar with filter ExtendsClassFilter [parents=[interface org.apache.jmeter.gui.action.Command], inner=false, contains=null, notContains=null]. Consider exposing JMeter plugins via META-INF/services, and add JMeter-Skip-Class-Scanning=true manifest attribute so JMeter can skip classfile scanning
2025-01-27 07:20:57,770 INFO o.a.j.r.ClassFinder: Will scan jar C:\Program Files\Java\apache-jmeter-5.6.3\apache-jmeter-5.6.3\lib\ext\jmeter-plugins-graphs-ggl-2.0.jar with filter ExtendsClassFilter [parents=[interface org.apache.jmeter.gui.action.Command], inner=false, contains=null, notContains=null]. Consider exposing JMeter plugins via META-INF/services, and add JMeter-Skip-Class-Scanning=true manifest attribute so JMeter can skip classfile scanning
2025-01-27 07:20:57,771 INFO o.a.j.r.ClassFinder: Will scan jar C:\Program Files\Java\apache-jmeter-5.6.3\apache-jmeter-5.6.3\lib\ext\jmeter.pack-listener-1.7.jar with filter ExtendsClassFilter [parents=[interface org.apache.jmeter.gui.action.Command], inner=false, contains=null, notContains=null]. Consider exposing JMeter plugins via META-INF/services, and add JMeter-Skip-Class-Scanning=true manifest attribute so JMeter can skip classfile scanning
2025-01-27 07:20:58,227 INFO o.a.j.r.ClassFinder: Will scan jar C:\Program Files\Java\apache-jmeter-5.6.3\apache-jmeter-5.6.3\lib\ext\jmeter-dynatrace-plugin-1.8.0.jar with filter ExtendsClassFilter [parents=[interface org.apache.jmeter.gui.action.Command], inner=false, contains=null, notContains=null]. Consider exposing JMeter plugins via META-INF/services, and add JMeter-Skip-Class-Scanning=true manifest attribute so JMeter can skip classfile scanning
2025-01-27 07:20:58,229 INFO o.a.j.r.ClassFinder: Will scan jar C:\Program Files\Java\apache-jmeter-5.6.3\apache-jmeter-5.6.3\lib\ext\jmeter-atakama-backend-1.5.0.jar with filter ExtendsClassFilter [parents=[interface org.apache.jmeter.gui.action.Command], inner=false, contains=null, notContains=null]. Consider exposing JMeter plugins via META-INF/services, and add JMeter-Skip-Class-Scanning=true manifest attribute so JMeter can skip classfile scanning
2025-01-27 07:20:58,232 INFO o.a.j.r.ClassFinder: Will scan jar C:\Program Files\Java\apache-jmeter-5.6.3\apache-jmeter-5.6.3\lib\ext\jmeter-plugins-manager-1.10.jar with filter ExtendsClassFilter [parents=[interface org.apache.jmeter.gui.action.Command], inner=false, contains=null, notContains=null]. Consider exposing JMeter plugins via META-INF/services, and add JMeter-Skip-Class-Scanning=true manifest attribute so JMeter can skip classfile scanning
2025-01-27 07:20:58,313 INFO o.a.j.r.ClassFinder: Will scan jar C:\Program Files\Java\apache-jmeter-5.6.3\apache-jmeter-5.6.3\lib\ext\otel-apm-jmeter-plugin-1.0-jar-with-dependencies.jar with filter ExtendsClassFilter [parents=[interface org.apache.jmeter.gui.action.Command], inner=false, contains=null, notContains=null]. Consider exposing JMeter plugins via META-INF/services, and add JMeter-Skip-Class-Scanning=true manifest attribute so JMeter can skip classfile scanning
2025-01-27 07:20:58,320 INFO o.a.j.r.ClassFinder: Will scan jar C:\Program Files\Java\apache-jmeter-5.6.3\apache-jmeter-5.6.3\lib\ext\jmeter-plugins-graphs-basic-2.0.jar with filter ExtendsClassFilter [parents=[interface org.apache.jmeter.gui.action.Command], inner=false, contains=null, notContains=null]. Consider exposing JMeter plugins via META-INF/services, and add JMeter-Skip-Class-Scanning=true manifest attribute so JMeter can skip classfile scanning
2025-01-27 07:20:58,321 INFO o.a.j.r.ClassFinder: Will scan jar C:\Program Files\Java\apache-jmeter-5.6.3\apache-jmeter-5.6.3\lib\ext\jmeter-plugins-rotating-listener-0.2.jar with filter ExtendsClassFilter [parents=[interface org.apache.jmeter.gui.action.Command], inner=false, contains=null, notContains=null]. Consider exposing JMeter plugins via META-INF/services, and add JMeter-Skip-Class-Scanning=true manifest attribute so JMeter can skip classfile scanning
2025-01-27 07:20:58,323 INFO o.a.j.r.ClassFinder: Will scan jar C:\Program Files\Java\apache-jmeter-5.6.3\apache-jmeter-5.6.3\lib\ext\jmeter-plugins-autostop-0.2.jar with filter ExtendsClassFilter [parents=[interface org.apache.jmeter.gui.action.Command], inner=false, contains=null, notContains=null]. Consider exposing JMeter plugins via META-INF/services, and add JMeter-Skip-Class-Scanning=true manifest attribute so JMeter can skip classfile scanning
2025-01-27 07:20:58,324 INFO o.a.j.r.ClassFinder: Will scan jar C:\Program Files\Java\apache-jmeter-5.6.3\apache-jmeter-5.6.3\lib\ext\ubik-jmeter-gwt-plugin-4.6.0.jar with filter ExtendsClassFilter [parents=[interface org.apache.jmeter.gui.action.Command], inner=false, contains=null, notContains=null]. Consider exposing JMeter plugins via META-INF/services, and add JMeter-Skip-Class-Scanning=true manifest attribute so JMeter can skip classfile scanning
2025-01-27 07:20:58,772 INFO o.a.j.r.ClassFinder: Will scan jar C:\Program Files\Java\apache-jmeter-5.6.3\apache-jmeter-5.6.3\lib\ext\jmeter-plugins-senseuploader-3.5.jar with filter ExtendsClassFilter [parents=[interface org.apache.jmeter.gui.action.Command], inner=false, contains=null, notContains=null]. Consider exposing JMeter plugins via META-INF/services, and add JMeter-Skip-Class-Scanning=true manifest attribute so JMeter can skip classfile scanning
2025-01-27 07:20:58,787 INFO o.a.j.r.ClassFinder: Will scan jar C:\Program Files\Java\apache-jmeter-5.6.3\apache-jmeter-5.6.3\lib\ext\jmeter.backendlistener.elasticsearch-2.7.1.jar with filter ExtendsClassFilter [parents=[interface org.apache.jmeter.gui.action.Command], inner=false, contains=null, notContains=null]. Consider exposing JMeter plugins via META-INF/services, and add JMeter-Skip-Class-Scanning=true manifest attribute so JMeter can skip classfile scanning
2025-01-27 07:20:59,017 INFO o.a.j.r.ClassFinder: Will scan jar C:\Program Files\Java\apache-jmeter-5.6.3\apache-jmeter-5.6.3\lib\ext\jmeter-plugins-table-server-5.0.jar with filter ExtendsClassFilter [parents=[interface org.apache.jmeter.gui.action.Command], inner=false, contains=null, notContains=null]. Consider exposing JMeter plugins via META-INF/services, and add JMeter-Skip-Class-Scanning=true manifest attribute so JMeter can skip classfile scanning
2025-01-27 07:20:59,020 INFO o.a.j.r.ClassFinder: Will scan jar C:\Program Files\Java\apache-jmeter-5.6.3\apache-jmeter-5.6.3\lib\ext\jmeter-plugins-httpraw-0.1.jar with filter ExtendsClassFilter [parents=[interface org.apache.jmeter.gui.action.Command], inner=false, contains=null, notContains=null]. Consider exposing JMeter plugins via META-INF/services, and add JMeter-Skip-Class-Scanning=true manifest attribute so JMeter can skip classfile scanning
2025-01-27 07:20:59,025 INFO o.a.j.r.ClassFinder: Will scan jar C:\Program Files\Java\apache-jmeter-5.6.3\apache-jmeter-5.6.3\lib\ext\jmeter.backendlistener.azure-0.2.9.jar with filter ExtendsClassFilter [parents=[interface org.apache.jmeter.gui.action.Command], inner=false, contains=null, notContains=null]. Consider exposing JMeter plugins via META-INF/services, and add JMeter-Skip-Class-Scanning=true manifest attribute so JMeter can skip classfile scanning
2025-01-27 07:20:59,388 INFO o.a.j.r.ClassFinder: Will scan jar C:\Program Files\Java\apache-jmeter-5.6.3\apache-jmeter-5.6.3\lib\ext\jmeter.backendlistener.kafka-1.0.0.jar with filter ExtendsClassFilter [parents=[interface org.apache.jmeter.gui.action.Command], inner=false, contains=null, notContains=null]. Consider exposing JMeter plugins via META-INF/services, and add JMeter-Skip-Class-Scanning=true manifest attribute so JMeter can skip classfile scanning
2025-01-27 07:20:59,580 INFO o.a.j.r.ClassFinder: Will scan jar C:\Program Files\Java\apache-jmeter-5.6.3\apache-jmeter-5.6.3\lib\ext\citrix-jmeter-0.7.7.jar with filter ExtendsClassFilter [parents=[interface org.apache.jmeter.gui.action.Command], inner=false, contains=null, notContains=null]. Consider exposing JMeter plugins via META-INF/services, and add JMeter-Skip-Class-Scanning=true manifest attribute so JMeter can skip classfile scanning
2025-01-27 07:20:59,940 INFO o.a.j.r.ClassFinder: Will scan jar C:\Program Files\Java\apache-jmeter-5.6.3\apache-jmeter-5.6.3\lib\ext\rapi-jmeter-plugins-1.0.2.jar with filter ExtendsClassFilter [parents=[interface org.apache.jmeter.gui.action.Command], inner=false, contains=null, notContains=null]. Consider exposing JMeter plugins via META-INF/services, and add JMeter-Skip-Class-Scanning=true manifest attribute so JMeter can skip classfile scanning
2025-01-27 07:20:59,944 INFO o.a.j.r.ClassFinder: Will scan jar C:\Program Files\Java\apache-jmeter-5.6.3\apache-jmeter-5.6.3\lib\ext\jmeter-plugins-casutg-2.10.jar with filter ExtendsClassFilter [parents=[interface org.apache.jmeter.gui.action.Command], inner=false, contains=null, notContains=null]. Consider exposing JMeter plugins via META-INF/services, and add JMeter-Skip-Class-Scanning=true manifest attribute so JMeter can skip classfile scanning
2025-01-27 07:20:59,953 INFO o.a.j.r.ClassFinder: Will scan jar C:\Program Files\Java\apache-jmeter-5.6.3\apache-jmeter-5.6.3\lib\ext\jmeter-plugins-dbmon-0.1.jar with filter ExtendsClassFilter [parents=[interface org.apache.jmeter.gui.action.Command], inner=false, contains=null, notContains=null]. Consider exposing JMeter plugins via META-INF/services, and add JMeter-Skip-Class-Scanning=true manifest attribute so JMeter can skip classfile scanning
2025-01-27 07:20:59,954 INFO o.a.j.r.ClassFinder: Will scan jar C:\Program Files\Java\apache-jmeter-5.6.3\apache-jmeter-5.6.3\lib\ext\jmeter-plugins-casutg-3.0.jar with filter ExtendsClassFilter [parents=[interface org.apache.jmeter.gui.action.Command], inner=false, contains=null, notContains=null]. Consider exposing JMeter plugins via META-INF/services, and add JMeter-Skip-Class-Scanning=true manifest attribute so JMeter can skip classfile scanning
2025-01-27 07:20:59,955 INFO o.a.j.r.ClassFinder: Will scan jar C:\Program Files\Java\apache-jmeter-5.6.3\apache-jmeter-5.6.3\lib\ext\jmeter-plugins-perfmon-2.1.jar with filter ExtendsClassFilter [parents=[interface org.apache.jmeter.gui.action.Command], inner=false, contains=null, notContains=null]. Consider exposing JMeter plugins via META-INF/services, and add JMeter-Skip-Class-Scanning=true manifest attribute so JMeter can skip classfile scanning
2025-01-27 07:20:59,959 INFO o.a.j.r.ClassFinder: Will scan jar C:\Program Files\Java\apache-jmeter-5.6.3\apache-jmeter-5.6.3\lib\ext\jmeter-prometheus-plugin-0.6.0.jar with filter ExtendsClassFilter [parents=[interface org.apache.jmeter.gui.action.Command], inner=false, contains=null, notContains=null]. Consider exposing JMeter plugins via META-INF/services, and add JMeter-Skip-Class-Scanning=true manifest attribute so JMeter can skip classfile scanning
2025-01-27 07:20:59,966 INFO o.a.j.r.ClassFinder: Will scan jar C:\Program Files\Java\apache-jmeter-5.6.3\apache-jmeter-5.6.3\lib\ext\ulp-observability-listener-1.1.0.jar with filter ExtendsClassFilter [parents=[interface org.apache.jmeter.gui.action.Command], inner=false, contains=null, notContains=null]. Consider exposing JMeter plugins via META-INF/services, and add JMeter-Skip-Class-Scanning=true manifest attribute so JMeter can skip classfile scanning
2025-01-27 07:20:59,971 INFO o.a.j.r.ClassFinder: Will scan jar C:\Program Files\Java\apache-jmeter-5.6.3\apache-jmeter-5.6.3\lib\ext\jmeter-plugins-graphs-additional-2.0.jar with filter ExtendsClassFilter [parents=[interface org.apache.jmeter.gui.action.Command], inner=false, contains=null, notContains=null]. Consider exposing JMeter plugins via META-INF/services, and add JMeter-Skip-Class-Scanning=true manifest attribute so JMeter can skip classfile scanning
2025-01-27 07:20:59,972 INFO o.a.j.r.ClassFinder: Will scan jar C:\Program Files\Java\apache-jmeter-5.6.3\apache-jmeter-5.6.3\lib\ext\elastic-apm-jmeter-plugin-2.0-jar-with-dependencies.jar with filter ExtendsClassFilter [parents=[interface org.apache.jmeter.gui.action.Command], inner=false, contains=null, notContains=null]. Consider exposing JMeter plugins via META-INF/services, and add JMeter-Skip-Class-Scanning=true manifest attribute so JMeter can skip classfile scanning
2025-01-27 07:20:59,973 INFO o.a.j.r.ClassFinder: Will scan jar C:\Program Files\Java\apache-jmeter-5.6.3\apache-jmeter-5.6.3\lib\ext\jmeter-plugins-cmd-2.2.jar with filter ExtendsClassFilter [parents=[interface org.apache.jmeter.gui.action.Command], inner=false, contains=null, notContains=null]. Consider exposing JMeter plugins via META-INF/services, and add JMeter-Skip-Class-Scanning=true manifest attribute so JMeter can skip classfile scanning
2025-01-27 07:20:59,975 INFO o.a.j.r.ClassFinder: Will scan jar C:\Program Files\Java\apache-jmeter-5.6.3\apache-jmeter-5.6.3\lib\ext\jmeter-plugins-csl-0.1.jar with filter ExtendsClassFilter [parents=[interface org.apache.jmeter.gui.action.Command], inner=false, contains=null, notContains=null]. Consider exposing JMeter plugins via META-INF/services, and add JMeter-Skip-Class-Scanning=true manifest attribute so JMeter can skip classfile scanning
2025-01-27 07:21:00,023 INFO o.a.j.r.ClassFinder: Will scan jar C:\Program Files\Java\apache-jmeter-5.6.3\apache-jmeter-5.6.3\lib\ext\jmeter-formman-1.0.jar with filter ExtendsClassFilter [parents=[interface org.apache.jmeter.gui.plugin.MenuCreator], inner=false, contains=null, notContains=null]. Consider exposing JMeter plugins via META-INF/services, and add JMeter-Skip-Class-Scanning=true manifest attribute so JMeter can skip classfile scanning
2025-01-27 07:21:00,024 INFO o.a.j.r.ClassFinder: Will scan jar C:\Program Files\Java\apache-jmeter-5.6.3\apache-jmeter-5.6.3\lib\ext\jmeter-datadog-backend-listener-0.5.0.jar with filter ExtendsClassFilter [parents=[interface org.apache.jmeter.gui.plugin.MenuCreator], inner=false, contains=null, notContains=null]. Consider exposing JMeter plugins via META-INF/services, and add JMeter-Skip-Class-Scanning=true manifest attribute so JMeter can skip classfile scanning
2025-01-27 07:21:00,038 INFO o.a.j.r.ClassFinder: Will scan jar C:\Program Files\Java\apache-jmeter-5.6.3\apache-jmeter-5.6.3\lib\ext\jmeter-plugins-jmxmon-0.3.jar with filter ExtendsClassFilter [parents=[interface org.apache.jmeter.gui.plugin.MenuCreator], inner=false, contains=null, notContains=null]. Consider exposing JMeter plugins via META-INF/services, and add JMeter-Skip-Class-Scanning=true manifest attribute so JMeter can skip classfile scanning
2025-01-27 07:21:00,038 INFO o.a.j.r.ClassFinder: Will scan jar C:\Program Files\Java\apache-jmeter-5.6.3\apache-jmeter-5.6.3\lib\ext\jmeter-plugins-graphs-ggl-2.0.jar with filter ExtendsClassFilter [parents=[interface org.apache.jmeter.gui.plugin.MenuCreator], inner=false, contains=null, notContains=null]. Consider exposing JMeter plugins via META-INF/services, and add JMeter-Skip-Class-Scanning=true manifest attribute so JMeter can skip classfile scanning
2025-01-27 07:21:00,038 INFO o.a.j.r.ClassFinder: Will scan jar C:\Program Files\Java\apache-jmeter-5.6.3\apache-jmeter-5.6.3\lib\ext\jmeter.pack-listener-1.7.jar with filter ExtendsClassFilter [parents=[interface org.apache.jmeter.gui.plugin.MenuCreator], inner=false, contains=null, notContains=null]. Consider exposing JMeter plugins via META-INF/services, and add JMeter-Skip-Class-Scanning=true manifest attribute so JMeter can skip classfile scanning
2025-01-27 07:21:00,044 INFO o.a.j.r.ClassFinder: Will scan jar C:\Program Files\Java\apache-jmeter-5.6.3\apache-jmeter-5.6.3\lib\ext\jmeter-dynatrace-plugin-1.8.0.jar with filter ExtendsClassFilter [parents=[interface org.apache.jmeter.gui.plugin.MenuCreator], inner=false, contains=null, notContains=null]. Consider exposing JMeter plugins via META-INF/services, and add JMeter-Skip-Class-Scanning=true manifest attribute so JMeter can skip classfile scanning
2025-01-27 07:21:00,044 INFO o.a.j.r.ClassFinder: Will scan jar C:\Program Files\Java\apache-jmeter-5.6.3\apache-jmeter-5.6.3\lib\ext\jmeter-atakama-backend-1.5.0.jar with filter ExtendsClassFilter [parents=[interface org.apache.jmeter.gui.plugin.MenuCreator], inner=false, contains=null, notContains=null]. Consider exposing JMeter plugins via META-INF/services, and add JMeter-Skip-Class-Scanning=true manifest attribute so JMeter can skip classfile scanning
2025-01-27 07:21:00,044 INFO o.a.j.r.ClassFinder: Will scan jar C:\Program Files\Java\apache-jmeter-5.6.3\apache-jmeter-5.6.3\lib\ext\jmeter-plugins-manager-1.10.jar with filter ExtendsClassFilter [parents=[interface org.apache.jmeter.gui.plugin.MenuCreator], inner=false, contains=null, notContains=null]. Consider exposing JMeter plugins via META-INF/services, and add JMeter-Skip-Class-Scanning=true manifest attribute so JMeter can skip classfile scanning
2025-01-27 07:21:00,045 INFO o.a.j.r.ClassFinder: Will scan jar C:\Program Files\Java\apache-jmeter-5.6.3\apache-jmeter-5.6.3\lib\ext\otel-apm-jmeter-plugin-1.0-jar-with-dependencies.jar with filter ExtendsClassFilter [parents=[interface org.apache.jmeter.gui.plugin.MenuCreator], inner=false, contains=null, notContains=null]. Consider exposing JMeter plugins via META-INF/services, and add JMeter-Skip-Class-Scanning=true manifest attribute so JMeter can skip classfile scanning
2025-01-27 07:21:00,046 INFO o.a.j.r.ClassFinder: Will scan jar C:\Program Files\Java\apache-jmeter-5.6.3\apache-jmeter-5.6.3\lib\ext\jmeter-plugins-graphs-basic-2.0.jar with filter ExtendsClassFilter [parents=[interface org.apache.jmeter.gui.plugin.MenuCreator], inner=false, contains=null, notContains=null]. Consider exposing JMeter plugins via META-INF/services, and add JMeter-Skip-Class-Scanning=true manifest attribute so JMeter can skip classfile scanning
2025-01-27 07:21:00,046 INFO o.a.j.r.ClassFinder: Will scan jar C:\Program Files\Java\apache-jmeter-5.6.3\apache-jmeter-5.6.3\lib\ext\jmeter-plugins-rotating-listener-0.2.jar with filter ExtendsClassFilter [parents=[interface org.apache.jmeter.gui.plugin.MenuCreator], inner=false, contains=null, notContains=null]. Consider exposing JMeter plugins via META-INF/services, and add JMeter-Skip-Class-Scanning=true manifest attribute so JMeter can skip classfile scanning
2025-01-27 07:21:00,046 INFO o.a.j.r.ClassFinder: Will scan jar C:\Program Files\Java\apache-jmeter-5.6.3\apache-jmeter-5.6.3\lib\ext\jmeter-plugins-autostop-0.2.jar with filter ExtendsClassFilter [parents=[interface org.apache.jmeter.gui.plugin.MenuCreator], inner=false, contains=null, notContains=null]. Consider exposing JMeter plugins via META-INF/services, and add JMeter-Skip-Class-Scanning=true manifest attribute so JMeter can skip classfile scanning
2025-01-27 07:21:00,046 INFO o.a.j.r.ClassFinder: Will scan jar C:\Program Files\Java\apache-jmeter-5.6.3\apache-jmeter-5.6.3\lib\ext\ubik-jmeter-gwt-plugin-4.6.0.jar with filter ExtendsClassFilter [parents=[interface org.apache.jmeter.gui.plugin.MenuCreator], inner=false, contains=null, notContains=null]. Consider exposing JMeter plugins via META-INF/services, and add JMeter-Skip-Class-Scanning=true manifest attribute so JMeter can skip classfile scanning
2025-01-27 07:21:00,052 INFO o.a.j.r.ClassFinder: Will scan jar C:\Program Files\Java\apache-jmeter-5.6.3\apache-jmeter-5.6.3\lib\ext\jmeter-plugins-senseuploader-3.5.jar with filter ExtendsClassFilter [parents=[interface org.apache.jmeter.gui.plugin.MenuCreator], inner=false, contains=null, notContains=null]. Consider exposing JMeter plugins via META-INF/services, and add JMeter-Skip-Class-Scanning=true manifest attribute so JMeter can skip classfile scanning
2025-01-27 07:21:00,053 INFO o.a.j.r.ClassFinder: Will scan jar C:\Program Files\Java\apache-jmeter-5.6.3\apache-jmeter-5.6.3\lib\ext\jmeter.backendlistener.elasticsearch-2.7.1.jar with filter ExtendsClassFilter [parents=[interface org.apache.jmeter.gui.plugin.MenuCreator], inner=false, contains=null, notContains=null]. Consider exposing JMeter plugins via META-INF/services, and add JMeter-Skip-Class-Scanning=true manifest attribute so JMeter can skip classfile scanning
2025-01-27 07:21:00,060 INFO o.a.j.r.ClassFinder: Will scan jar C:\Program Files\Java\apache-jmeter-5.6.3\apache-jmeter-5.6.3\lib\ext\jmeter-plugins-table-server-5.0.jar with filter ExtendsClassFilter [parents=[interface org.apache.jmeter.gui.plugin.MenuCreator], inner=false, contains=null, notContains=null]. Consider exposing JMeter plugins via META-INF/services, and add JMeter-Skip-Class-Scanning=true manifest attribute so JMeter can skip classfile scanning
2025-01-27 07:21:00,061 INFO o.a.j.r.ClassFinder: Will scan jar C:\Program Files\Java\apache-jmeter-5.6.3\apache-jmeter-5.6.3\lib\ext\jmeter-plugins-httpraw-0.1.jar with filter ExtendsClassFilter [parents=[interface org.apache.jmeter.gui.plugin.MenuCreator], inner=false, contains=null, notContains=null]. Consider exposing JMeter plugins via META-INF/services, and add JMeter-Skip-Class-Scanning=true manifest attribute so JMeter can skip classfile scanning
2025-01-27 07:21:00,061 INFO o.a.j.r.ClassFinder: Will scan jar C:\Program Files\Java\apache-jmeter-5.6.3\apache-jmeter-5.6.3\lib\ext\jmeter.backendlistener.azure-0.2.9.jar with filter ExtendsClassFilter [parents=[interface org.apache.jmeter.gui.plugin.MenuCreator], inner=false, contains=null, notContains=null]. Consider exposing JMeter plugins via META-INF/services, and add JMeter-Skip-Class-Scanning=true manifest attribute so JMeter can skip classfile scanning
2025-01-27 07:21:00,068 INFO o.a.j.r.ClassFinder: Will scan jar C:\Program Files\Java\apache-jmeter-5.6.3\apache-jmeter-5.6.3\lib\ext\jmeter.backendlistener.kafka-1.0.0.jar with filter ExtendsClassFilter [parents=[interface org.apache.jmeter.gui.plugin.MenuCreator], inner=false, contains=null, notContains=null]. Consider exposing JMeter plugins via META-INF/services, and add JMeter-Skip-Class-Scanning=true manifest attribute so JMeter can skip classfile scanning
2025-01-27 07:21:00,075 INFO o.a.j.r.ClassFinder: Will scan jar C:\Program Files\Java\apache-jmeter-5.6.3\apache-jmeter-5.6.3\lib\ext\citrix-jmeter-0.7.7.jar with filter ExtendsClassFilter [parents=[interface org.apache.jmeter.gui.plugin.MenuCreator], inner=false, contains=null, notContains=null]. Consider exposing JMeter plugins via META-INF/services, and add JMeter-Skip-Class-Scanning=true manifest attribute so JMeter can skip classfile scanning
2025-01-27 07:21:00,079 INFO o.a.j.r.ClassFinder: Will scan jar C:\Program Files\Java\apache-jmeter-5.6.3\apache-jmeter-5.6.3\lib\ext\rapi-jmeter-plugins-1.0.2.jar with filter ExtendsClassFilter [parents=[interface org.apache.jmeter.gui.plugin.MenuCreator], inner=false, contains=null, notContains=null]. Consider exposing JMeter plugins via META-INF/services, and add JMeter-Skip-Class-Scanning=true manifest attribute so JMeter can skip classfile scanning
2025-01-27 07:21:00,079 INFO o.a.j.r.ClassFinder: Will scan jar C:\Program Files\Java\apache-jmeter-5.6.3\apache-jmeter-5.6.3\lib\ext\jmeter-plugins-casutg-2.10.jar with filter ExtendsClassFilter [parents=[interface org.apache.jmeter.gui.plugin.MenuCreator], inner=false, contains=null, notContains=null]. Consider exposing JMeter plugins via META-INF/services, and add JMeter-Skip-Class-Scanning=true manifest attribute so JMeter can skip classfile scanning
2025-01-27 07:21:00,080 INFO o.a.j.r.ClassFinder: Will scan jar C:\Program Files\Java\apache-jmeter-5.6.3\apache-jmeter-5.6.3\lib\ext\jmeter-plugins-dbmon-0.1.jar with filter ExtendsClassFilter [parents=[interface org.apache.jmeter.gui.plugin.MenuCreator], inner=false, contains=null, notContains=null]. Consider exposing JMeter plugins via META-INF/services, and add JMeter-Skip-Class-Scanning=true manifest attribute so JMeter can skip classfile scanning
2025-01-27 07:21:00,080 INFO o.a.j.r.ClassFinder: Will scan jar C:\Program Files\Java\apache-jmeter-5.6.3\apache-jmeter-5.6.3\lib\ext\jmeter-plugins-casutg-3.0.jar with filter ExtendsClassFilter [parents=[interface org.apache.jmeter.gui.plugin.MenuCreator], inner=false, contains=null, notContains=null]. Consider exposing JMeter plugins via META-INF/services, and add JMeter-Skip-Class-Scanning=true manifest attribute so JMeter can skip classfile scanning
2025-01-27 07:21:00,080 INFO o.a.j.r.ClassFinder: Will scan jar C:\Program Files\Java\apache-jmeter-5.6.3\apache-jmeter-5.6.3\lib\ext\jmeter-plugins-perfmon-2.1.jar with filter ExtendsClassFilter [parents=[interface org.apache.jmeter.gui.plugin.MenuCreator], inner=false, contains=null, notContains=null]. Consider exposing JMeter plugins via META-INF/services, and add JMeter-Skip-Class-Scanning=true manifest attribute so JMeter can skip classfile scanning
2025-01-27 07:21:00,081 INFO o.a.j.r.ClassFinder: Will scan jar C:\Program Files\Java\apache-jmeter-5.6.3\apache-jmeter-5.6.3\lib\ext\jmeter-prometheus-plugin-0.6.0.jar with filter ExtendsClassFilter [parents=[interface org.apache.jmeter.gui.plugin.MenuCreator], inner=false, contains=null, notContains=null]. Consider exposing JMeter plugins via META-INF/services, and add JMeter-Skip-Class-Scanning=true manifest attribute so JMeter can skip classfile scanning
2025-01-27 07:21:00,088 INFO o.a.j.r.ClassFinder: Will scan jar C:\Program Files\Java\apache-jmeter-5.6.3\apache-jmeter-5.6.3\lib\ext\ulp-observability-listener-1.1.0.jar with filter ExtendsClassFilter [parents=[interface org.apache.jmeter.gui.plugin.MenuCreator], inner=false, contains=null, notContains=null]. Consider exposing JMeter plugins via META-INF/services, and add JMeter-Skip-Class-Scanning=true manifest attribute so JMeter can skip classfile scanning
2025-01-27 07:21:00,089 INFO o.a.j.r.ClassFinder: Will scan jar C:\Program Files\Java\apache-jmeter-5.6.3\apache-jmeter-5.6.3\lib\ext\jmeter-plugins-graphs-additional-2.0.jar with filter ExtendsClassFilter [parents=[interface org.apache.jmeter.gui.plugin.MenuCreator], inner=false, contains=null, notContains=null]. Consider exposing JMeter plugins via META-INF/services, and add JMeter-Skip-Class-Scanning=true manifest attribute so JMeter can skip classfile scanning
2025-01-27 07:21:00,089 INFO o.a.j.r.ClassFinder: Will scan jar C:\Program Files\Java\apache-jmeter-5.6.3\apache-jmeter-5.6.3\lib\ext\elastic-apm-jmeter-plugin-2.0-jar-with-dependencies.jar with filter ExtendsClassFilter [parents=[interface org.apache.jmeter.gui.plugin.MenuCreator], inner=false, contains=null, notContains=null]. Consider exposing JMeter plugins via META-INF/services, and add JMeter-Skip-Class-Scanning=true manifest attribute so JMeter can skip classfile scanning
2025-01-27 07:21:00,090 INFO o.a.j.r.ClassFinder: Will scan jar C:\Program Files\Java\apache-jmeter-5.6.3\apache-jmeter-5.6.3\lib\ext\jmeter-plugins-cmd-2.2.jar with filter ExtendsClassFilter [parents=[interface org.apache.jmeter.gui.plugin.MenuCreator], inner=false, contains=null, notContains=null]. Consider exposing JMeter plugins via META-INF/services, and add JMeter-Skip-Class-Scanning=true manifest attribute so JMeter can skip classfile scanning
2025-01-27 07:21:00,090 INFO o.a.j.r.ClassFinder: Will scan jar C:\Program Files\Java\apache-jmeter-5.6.3\apache-jmeter-5.6.3\lib\ext\jmeter-plugins-csl-0.1.jar with filter ExtendsClassFilter [parents=[interface org.apache.jmeter.gui.plugin.MenuCreator], inner=false, contains=null, notContains=null]. Consider exposing JMeter plugins via META-INF/services, and add JMeter-Skip-Class-Scanning=true manifest attribute so JMeter can skip classfile scanning
2025-01-27 07:21:00,154 WARN o.j.r.PluginManagerMenuCreator: Was unable to install pmgr cmdline tool
java.nio.file.NoSuchFileException: C:\Program Files\Java\apache-jmeter-5.6.3\bin\PluginsManagerCMD.bat
	at java.base/sun.nio.fs.WindowsException.translateToIOException(WindowsException.java:85) ~[?:?]
	at java.base/sun.nio.fs.WindowsException.rethrowAsIOException(WindowsException.java:103) ~[?:?]
	at java.base/sun.nio.fs.WindowsException.rethrowAsIOException(WindowsException.java:108) ~[?:?]
	at java.base/sun.nio.fs.WindowsFileSystemProvider.newByteChannel(WindowsFileSystemProvider.java:234) ~[?:?]
	at java.base/java.nio.file.spi.FileSystemProvider.newOutputStream(FileSystemProvider.java:484) ~[?:?]
	at java.base/java.nio.file.Files.newOutputStream(Files.java:227) ~[?:?]
	at java.base/java.nio.file.Files.copy(Files.java:3135) ~[?:?]
	at org.jmeterplugins.repository.PluginManagerCMDInstaller.writeOut(PluginManagerCMDInstaller.java:24) ~[jmeter-plugins-manager-1.10.jar:?]
	at org.jmeterplugins.repository.PluginManagerCMDInstaller.main(PluginManagerCMDInstaller.java:12) ~[jmeter-plugins-manager-1.10.jar:?]
	at org.jmeterplugins.repository.PluginManagerMenuCreator.getMenuItemsAtLocation(PluginManagerMenuCreator.java:16) ~[jmeter-plugins-manager-1.10.jar:?]
	at org.apache.jmeter.gui.util.JMeterMenuBar.addPluginsMenuItems(JMeterMenuBar.java:568) ~[ApacheJMeter_core.jar:5.6.3]
	at org.apache.jmeter.gui.util.JMeterMenuBar.makeOptionsMenu(JMeterMenuBar.java:315) ~[ApacheJMeter_core.jar:5.6.3]
	at org.apache.jmeter.gui.util.JMeterMenuBar.createMenuBar(JMeterMenuBar.java:204) ~[ApacheJMeter_core.jar:5.6.3]
	at org.apache.jmeter.gui.util.JMeterMenuBar.<init>(JMeterMenuBar.java:122) ~[ApacheJMeter_core.jar:5.6.3]
	at org.apache.jmeter.gui.MainFrame.init(MainFrame.java:519) ~[ApacheJMeter_core.jar:5.6.3]
	at org.apache.jmeter.gui.MainFrame.<init>(MainFrame.java:232) ~[ApacheJMeter_core.jar:5.6.3]
	at org.apache.jmeter.JMeterGuiLauncher.startGuiInternal(JMeterGuiLauncher.kt:112) ~[ApacheJMeter_core.jar:5.6.3]
	at org.apache.jmeter.JMeterGuiLauncher.access$startGuiInternal(JMeterGuiLauncher.kt:47) ~[ApacheJMeter_core.jar:5.6.3]
	at org.apache.jmeter.JMeterGuiLauncher$startGuiInternal$1.invokeSuspend(JMeterGuiLauncher.kt) ~[ApacheJMeter_core.jar:5.6.3]
	at kotlin.coroutines.jvm.internal.BaseContinuationImpl.resumeWith(ContinuationImpl.kt:33) ~[kotlin-stdlib-1.9.22.jar:1.9.22-release-704]
	at kotlinx.coroutines.DispatchedTask.run(DispatchedTask.kt:108) ~[kotlinx-coroutines-core-jvm-1.7.3.jar:?]
	at java.desktop/java.awt.event.InvocationEvent.dispatch(InvocationEvent.java:318) [?:?]
	at java.desktop/java.awt.EventQueue.dispatchEventImpl(EventQueue.java:773) [?:?]
	at java.desktop/java.awt.EventQueue$4.run(EventQueue.java:720) [?:?]
	at java.desktop/java.awt.EventQueue$4.run(EventQueue.java:714) [?:?]
	at java.base/java.security.AccessController.doPrivileged(AccessController.java:400) ~[?:?]
	at java.base/java.security.ProtectionDomain$JavaSecurityAccessImpl.doIntersectionPrivilege(ProtectionDomain.java:87) ~[?:?]
	at java.desktop/java.awt.EventQueue.dispatchEvent(EventQueue.java:742) ~[?:?]
	at java.desktop/java.awt.EventDispatchThread.pumpOneEventForFilters(EventDispatchThread.java:203) ~[?:?]
	at java.desktop/java.awt.EventDispatchThread.pumpEventsForFilter(EventDispatchThread.java:124) ~[?:?]
	at java.desktop/java.awt.EventDispatchThread.pumpEventsForFilter(EventDispatchThread.java:117) ~[?:?]
	at java.desktop/java.awt.WaitDispatchSupport$2.run(WaitDispatchSupport.java:191) ~[?:?]
	at java.desktop/java.awt.WaitDispatchSupport$4.run(WaitDispatchSupport.java:236) ~[?:?]
	at java.desktop/java.awt.WaitDispatchSupport$4.run(WaitDispatchSupport.java:234) ~[?:?]
	at java.base/java.security.AccessController.doPrivileged(AccessController.java:319) [?:?]
	at java.desktop/java.awt.WaitDispatchSupport.enter(WaitDispatchSupport.java:234) ~[?:?]
	at java.desktop/java.awt.Dialog.show(Dialog.java:1080) ~[?:?]
	at java.desktop/java.awt.Component.show(Component.java:1728) ~[?:?]
	at java.desktop/java.awt.Component.setVisible(Component.java:1675) ~[?:?]
	at java.desktop/java.awt.Window.setVisible(Window.java:1036) ~[?:?]
	at java.desktop/java.awt.Dialog.setVisible(Dialog.java:1016) ~[?:?]
	at org.apache.jmeter.SplashScreen.lambda$showScreen$0(SplashScreen.java:95) ~[ApacheJMeter_core.jar:5.6.3]
	at java.desktop/java.awt.event.InvocationEvent.dispatch(InvocationEvent.java:318) ~[?:?]
	at java.desktop/java.awt.EventQueue.dispatchEventImpl(EventQueue.java:773) ~[?:?]
	at java.desktop/java.awt.EventQueue$4.run(EventQueue.java:720) ~[?:?]
	at java.desktop/java.awt.EventQueue$4.run(EventQueue.java:714) ~[?:?]
	at java.base/java.security.AccessController.doPrivileged(AccessController.java:400) [?:?]
	at java.base/java.security.ProtectionDomain$JavaSecurityAccessImpl.doIntersectionPrivilege(ProtectionDomain.java:87) [?:?]
	at java.desktop/java.awt.EventQueue.dispatchEvent(EventQueue.java:742) [?:?]
	at java.desktop/java.awt.EventDispatchThread.pumpOneEventForFilters(EventDispatchThread.java:203) [?:?]
	at java.desktop/java.awt.EventDispatchThread.pumpEventsForFilter(EventDispatchThread.java:124) [?:?]
	at java.desktop/java.awt.EventDispatchThread.pumpEventsForHierarchy(EventDispatchThread.java:113) [?:?]
	at java.desktop/java.awt.EventDispatchThread.pumpEvents(EventDispatchThread.java:109) [?:?]
	at java.desktop/java.awt.EventDispatchThread.pumpEvents(EventDispatchThread.java:101) [?:?]
	at java.desktop/java.awt.EventDispatchThread.run(EventDispatchThread.java:90) [?:?]
2025-01-27 07:21:00,185 WARN o.j.r.PluginManager: Found JAR conflict: C:\Program Files\Java\apache-jmeter-5.6.3\apache-jmeter-5.6.3\lib\ext\jmeter-plugins-casutg-3.0.jar and C:\Program Files\Java\apache-jmeter-5.6.3\apache-jmeter-5.6.3\lib\ext\jmeter-plugins-casutg-2.10.jar
2025-01-27 07:21:00,185 WARN o.j.r.PluginManager: Found JAR conflict: C:\Program Files\Java\apache-jmeter-5.6.3\apache-jmeter-5.6.3\lib\ext\jmeter-plugins-manager-1.10.jar and C:\Program Files\Java\apache-jmeter-5.6.3\apache-jmeter-5.6.3\lib\jmeter-plugins-manager-1.10.jar
2025-01-27 07:21:00,561 INFO o.j.r.JARSourceHTTP: Requesting https://jmeter-plugins.org/repo/?installID=windows_11-b3dbed17ad9ab8e0eb03b32a9cab64d0-gui
2025-01-27 07:21:03,090 INFO o.j.r.PluginManager: Plugins Status: [jpgc-graphs-basic=2.0, jpgc-graphs-additional=2.0, jmeter-atakama-backend-listener-plugin=1.5.0, jpgc-autostop=0.2, jmeter.backendlistener.azure=0.2.9, bzm-jmeter-citrix-plugin=0.7.7, jpgc-sense=3.5, jpgc-cmd=2.2, jpgc-csl=0.1, jpgc-casutg=2.10, jpgc-dbmon=0.1, jmeter-datadog-backend-listener=0.5.0, jmeter-dynatrace-backend-listener=1.8.0, jmeter.backendlistener.elasticsearch=2.7.1, jpgc-ggl=2.0, tilln-formman=1.0, jpgc-httpraw=0.1, jpgc-sts=5.0, jpgc-jmxmon=0.3, jmeter.pack-listener=1.7, jmeter.backendlistener.kafka=1.0.0, jpgc-perfmon=2.1, jpgc-plugins-manager=1.10, jmeter-prometheus=0.6.0, jmeter-rapi-plugin=1.0.2, jpgc-rotating-listener=0.2, ulp-jmeter-gwt-plugin=4.6.0, ulp-observability-plugin=1.1.0, jmeter-core=5.6.3, jmeter-ftp=5.6.3, jmeter-http=5.6.3, jmeter-jdbc=5.6.3, jmeter-jms=5.6.3, jmeter-junit=5.6.3, jmeter-java=5.6.3, jmeter-ldap=5.6.3, jmeter-mail=5.6.3, jmeter-mongodb=5.6.3, jmeter-native=5.6.3, jmeter-tcp=5.6.3, jmeter-components=5.6.3, vdn-elastic-apm-tool=2.0, vdn-otel-apm-tool=1.0]
2025-01-27 07:21:03,095 INFO o.j.r.PluginManagerMenuItem: Plugins Manager has upgrades: [jpgc-casutg]
2025-01-27 07:21:03,166 WARN o.a.j.g.u.MenuFactory: Could not instantiate class: com.atakama.jmeter.visualizers.backend.BackendListenerGui
java.lang.reflect.InvocationTargetException: null
	at java.base/jdk.internal.reflect.DirectConstructorHandleAccessor.newInstance(DirectConstructorHandleAccessor.java:79) ~[?:?]
	at java.base/java.lang.reflect.Constructor.newInstanceWithCaller(Constructor.java:500) ~[?:?]
	at java.base/java.lang.reflect.Constructor.newInstance(Constructor.java:484) ~[?:?]
	at org.apache.jmeter.gui.util.MenuFactory.getGUIComponent(MenuFactory.java:215) ~[ApacheJMeter_core.jar:5.6.3]
	at org.apache.jmeter.gui.util.MenuFactory.initializeMenus(MenuFactory.java:159) ~[ApacheJMeter_core.jar:5.6.3]
	at org.apache.jmeter.gui.util.MenuFactory.<clinit>(MenuFactory.java:108) ~[ApacheJMeter_core.jar:5.6.3]
	at org.apache.jmeter.control.gui.TestPlanGui.createPopupMenu(TestPlanGui.java:109) ~[ApacheJMeter_core.jar:5.6.3]
	at org.apache.jmeter.gui.tree.JMeterTreeNode.createPopupMenu(JMeterTreeNode.java:184) ~[ApacheJMeter_core.jar:5.6.3]
	at org.apache.jmeter.gui.action.EditCommand.doAction(EditCommand.java:49) ~[ApacheJMeter_core.jar:5.6.3]
	at org.apache.jmeter.gui.action.ActionRouter.performAction(ActionRouter.java:83) ~[ApacheJMeter_core.jar:5.6.3]
	at org.apache.jmeter.gui.action.ActionRouter.lambda$actionPerformed$0(ActionRouter.java:65) ~[ApacheJMeter_core.jar:5.6.3]
	at java.desktop/java.awt.event.InvocationEvent.dispatch(InvocationEvent.java:318) [?:?]
	at java.desktop/java.awt.EventQueue.dispatchEventImpl(EventQueue.java:773) [?:?]
	at java.desktop/java.awt.EventQueue$4.run(EventQueue.java:720) [?:?]
	at java.desktop/java.awt.EventQueue$4.run(EventQueue.java:714) [?:?]
	at java.base/java.security.AccessController.doPrivileged(AccessController.java:400) ~[?:?]
	at java.base/java.security.ProtectionDomain$JavaSecurityAccessImpl.doIntersectionPrivilege(ProtectionDomain.java:87) ~[?:?]
	at java.desktop/java.awt.EventQueue.dispatchEvent(EventQueue.java:742) ~[?:?]
	at java.desktop/java.awt.EventDispatchThread.pumpOneEventForFilters(EventDispatchThread.java:203) ~[?:?]
	at java.desktop/java.awt.EventDispatchThread.pumpEventsForFilter(EventDispatchThread.java:124) ~[?:?]
	at java.desktop/java.awt.EventDispatchThread.pumpEventsForFilter(EventDispatchThread.java:117) ~[?:?]
	at java.desktop/java.awt.WaitDispatchSupport$2.run(WaitDispatchSupport.java:191) ~[?:?]
	at java.desktop/java.awt.WaitDispatchSupport$4.run(WaitDispatchSupport.java:236) ~[?:?]
	at java.desktop/java.awt.WaitDispatchSupport$4.run(WaitDispatchSupport.java:234) ~[?:?]
	at java.base/java.security.AccessController.doPrivileged(AccessController.java:319) [?:?]
	at java.desktop/java.awt.WaitDispatchSupport.enter(WaitDispatchSupport.java:234) ~[?:?]
	at java.desktop/java.awt.Dialog.show(Dialog.java:1080) ~[?:?]
	at java.desktop/java.awt.Component.show(Component.java:1728) ~[?:?]
	at java.desktop/java.awt.Component.setVisible(Component.java:1675) ~[?:?]
	at java.desktop/java.awt.Window.setVisible(Window.java:1036) ~[?:?]
	at java.desktop/java.awt.Dialog.setVisible(Dialog.java:1016) ~[?:?]
	at org.apache.jmeter.SplashScreen.lambda$showScreen$0(SplashScreen.java:95) ~[ApacheJMeter_core.jar:5.6.3]
	at java.desktop/java.awt.event.InvocationEvent.dispatch(InvocationEvent.java:318) ~[?:?]
	at java.desktop/java.awt.EventQueue.dispatchEventImpl(EventQueue.java:773) ~[?:?]
	at java.desktop/java.awt.EventQueue$4.run(EventQueue.java:720) ~[?:?]
	at java.desktop/java.awt.EventQueue$4.run(EventQueue.java:714) ~[?:?]
	at java.base/java.security.AccessController.doPrivileged(AccessController.java:400) [?:?]
	at java.base/java.security.ProtectionDomain$JavaSecurityAccessImpl.doIntersectionPrivilege(ProtectionDomain.java:87) [?:?]
	at java.desktop/java.awt.EventQueue.dispatchEvent(EventQueue.java:742) [?:?]
	at java.desktop/java.awt.EventDispatchThread.pumpOneEventForFilters(EventDispatchThread.java:203) [?:?]
	at java.desktop/java.awt.EventDispatchThread.pumpEventsForFilter(EventDispatchThread.java:124) [?:?]
	at java.desktop/java.awt.EventDispatchThread.pumpEventsForHierarchy(EventDispatchThread.java:113) [?:?]
	at java.desktop/java.awt.EventDispatchThread.pumpEvents(EventDispatchThread.java:109) [?:?]
	at java.desktop/java.awt.EventDispatchThread.pumpEvents(EventDispatchThread.java:101) [?:?]
	at java.desktop/java.awt.EventDispatchThread.run(EventDispatchThread.java:90) [?:?]
Caused by: java.lang.NoClassDefFoundError: com/atakama/libcrypt/LibCrypt
	at com.atakama.jmeter.a.a.<init>(Unknown Source) ~[jmeter-atakama-backend-1.5.0.jar:?]
	at com.atakama.jmeter.visualizers.backend.BackendListenerGui.<init>(Unknown Source) ~[jmeter-atakama-backend-1.5.0.jar:?]
	at java.base/jdk.internal.reflect.DirectConstructorHandleAccessor.newInstance(DirectConstructorHandleAccessor.java:67) ~[?:?]
	... 44 more
Caused by: java.lang.ClassNotFoundException: com.atakama.libcrypt.LibCrypt
	at java.base/java.net.URLClassLoader.findClass(URLClassLoader.java:445) ~[?:?]
	at java.base/java.lang.ClassLoader.loadClass(ClassLoader.java:588) ~[?:?]
	at java.base/java.lang.ClassLoader.loadClass(ClassLoader.java:521) ~[?:?]
	at com.atakama.jmeter.a.a.<init>(Unknown Source) ~[jmeter-atakama-backend-1.5.0.jar:?]
	at com.atakama.jmeter.visualizers.backend.BackendListenerGui.<init>(Unknown Source) ~[jmeter-atakama-backend-1.5.0.jar:?]
	at java.base/jdk.internal.reflect.DirectConstructorHandleAccessor.newInstance(DirectConstructorHandleAccessor.java:67) ~[?:?]
	... 44 more
2025-01-27 07:21:03,397 INFO c.b.j.c.i.CitrixInstaller: Checking registry key in HKLM path:SOFTWARE\Wow6432Node\Citrix\Dazzle, key:Version
2025-01-27 07:21:07,132 WARN c.b.j.c.u.CitrixUtils: ERROR! Resource string not found: [when_the_application_starts,_press_the_button]
2025-01-27 07:21:07,199 INFO c.b.j.c.r.g.TemplateUpdater: Checking if we need to refresh XML template file C:\Program Files\Java\apache-jmeter-5.6.3\apache-jmeter-5.6.3\bin\templates/bzmCitrixTemplate.xml
2025-01-27 07:21:07,206 INFO c.b.j.c.r.g.TemplateUpdater: Checking if we need to refresh JMX template file C:\Program Files\Java\apache-jmeter-5.6.3\apache-jmeter-5.6.3\bin\templates/citrixRecordingTemplate.jmx
2025-01-27 07:21:07,222 INFO o.a.j.g.a.t.TemplateManager: Reading templates from: C:\Program Files\Java\apache-jmeter-5.6.3\apache-jmeter-5.6.3\bin\templates\templates.xml
2025-01-27 07:21:07,248 INFO c.b.j.c.r.g.TemplateUpdater: Registering template Template [isTestPlan=true, name=BlazeMeter Citrix Recording, fileName=/bin/templates/citrixRecordingTemplate.jmx, description=
        <h1>Template you can use to record a Citrix application called through ICA Client</h1>
        <p>This template is provided by Citrix Plugin which allows load testing Citrix Applications.<br/>
        Ensure you read Pre-requisites and User Manual before using the plugin. See <b>Useful links</b> below.
        Once the new plan is created update configuration properties on the Citrix Recorder element.
        </p>
        <h2>Useful links</h2>
            <ul>
                <li><a href="https://github.com/Blazemeter/CitrixPlugin/blob/master/PRE_REQUISITES.md" >Pre-requisites</a></li>
                <li><a href="https://github.com/Blazemeter/CitrixPlugin/blob/master/SETUP.md" >Setup</a></li>
                <li><a href="https://github.com/Blazemeter/CitrixPlugin/blob/master/README.md" >User manual</a></li>
                <li><a href="https://github.com/Blazemeter/CitrixPlugin/blob/master/TROUBLESHOOTING.md" >Troubleshooting</a></li>
            </ul>
        , parameters=null]
2025-01-27 07:21:07,402 WARN ULP: This plugin is the sole property of SAS UBIK-INGENIERIE and subject to licensing, using it without explicit company authorization will expose you to lawsuits.
2025-01-27 07:21:07,402 INFO ULP: Checking license at path : null 
2025-01-27 07:21:07,402 ERROR ULP: License file is not readable or does not exists, you have setup:'C:\Program Files\Java\apache-jmeter-5.6.3\apache-jmeter-5.6.3\bin\null', check path references an existing license file and that user running jmeter can access this file, or check property 'ULP.gwt.licensepath' in <jmeter_home>/bin/user.properties is correctly defined
2025-01-27 07:21:07,402 WARN o.a.j.g.u.MenuFactory: Configuration error, probably corrupt or missing third party library(jar)? Could not create class: com.ubikingenierie.jmeter.plugin.gwt.postprocessor.gui.GwtPostProcessorGui.
java.lang.NoClassDefFoundError: License cannot be checked, license file is not readable or does not exists, you have setup:'C:\Program Files\Java\apache-jmeter-5.6.3\apache-jmeter-5.6.3\bin\null', check path references an existing license file and that user running jmeter can access this file or check property 'ULP.gwt.licensepath' in <jmeter_home>/bin/user.properties is correctly defined
	at com.ubikingenierie.jmeter.plugin.gwt.license.LM.g(LM.java:470) ~[ubik-jmeter-gwt-plugin-4.6.0.jar:4.6.0]
	at com.ubikingenierie.jmeter.plugin.gwt.postprocessor.gui.GwtPostProcessorGui.<clinit>(GwtPostProcessorGui.java:27) ~[ubik-jmeter-gwt-plugin-4.6.0.jar:4.6.0]
	at java.base/jdk.internal.misc.Unsafe.ensureClassInitialized0(Native Method) ~[?:?]
	at java.base/jdk.internal.misc.Unsafe.ensureClassInitialized(Unsafe.java:1160) ~[?:?]
	at java.base/jdk.internal.reflect.MethodHandleAccessorFactory.ensureClassInitialized(MethodHandleAccessorFactory.java:300) ~[?:?]
	at java.base/jdk.internal.reflect.MethodHandleAccessorFactory.newConstructorAccessor(MethodHandleAccessorFactory.java:103) ~[?:?]
	at java.base/jdk.internal.reflect.ReflectionFactory.newConstructorAccessor(ReflectionFactory.java:200) ~[?:?]
	at java.base/java.lang.reflect.Constructor.acquireConstructorAccessor(Constructor.java:547) ~[?:?]
	at java.base/java.lang.reflect.Constructor.newInstanceWithCaller(Constructor.java:497) ~[?:?]
	at java.base/java.lang.reflect.Constructor.newInstance(Constructor.java:484) ~[?:?]
	at org.apache.jmeter.gui.util.MenuFactory.getGUIComponent(MenuFactory.java:215) ~[ApacheJMeter_core.jar:5.6.3]
	at org.apache.jmeter.gui.util.MenuFactory.initializeMenus(MenuFactory.java:159) ~[ApacheJMeter_core.jar:5.6.3]
	at org.apache.jmeter.gui.util.MenuFactory.<clinit>(MenuFactory.java:108) ~[ApacheJMeter_core.jar:5.6.3]
	at org.apache.jmeter.control.gui.TestPlanGui.createPopupMenu(TestPlanGui.java:109) ~[ApacheJMeter_core.jar:5.6.3]
	at org.apache.jmeter.gui.tree.JMeterTreeNode.createPopupMenu(JMeterTreeNode.java:184) ~[ApacheJMeter_core.jar:5.6.3]
	at org.apache.jmeter.gui.action.EditCommand.doAction(EditCommand.java:49) ~[ApacheJMeter_core.jar:5.6.3]
	at org.apache.jmeter.gui.action.ActionRouter.performAction(ActionRouter.java:83) ~[ApacheJMeter_core.jar:5.6.3]
	at org.apache.jmeter.gui.action.ActionRouter.lambda$actionPerformed$0(ActionRouter.java:65) ~[ApacheJMeter_core.jar:5.6.3]
	at java.desktop/java.awt.event.InvocationEvent.dispatch(InvocationEvent.java:318) [?:?]
	at java.desktop/java.awt.EventQueue.dispatchEventImpl(EventQueue.java:773) [?:?]
	at java.desktop/java.awt.EventQueue$4.run(EventQueue.java:720) [?:?]
	at java.desktop/java.awt.EventQueue$4.run(EventQueue.java:714) [?:?]
	at java.base/java.security.AccessController.doPrivileged(AccessController.java:400) ~[?:?]
	at java.base/java.security.ProtectionDomain$JavaSecurityAccessImpl.doIntersectionPrivilege(ProtectionDomain.java:87) ~[?:?]
	at java.desktop/java.awt.EventQueue.dispatchEvent(EventQueue.java:742) ~[?:?]
	at java.desktop/java.awt.EventDispatchThread.pumpOneEventForFilters(EventDispatchThread.java:203) ~[?:?]
	at java.desktop/java.awt.EventDispatchThread.pumpEventsForFilter(EventDispatchThread.java:124) ~[?:?]
	at java.desktop/java.awt.EventDispatchThread.pumpEventsForFilter(EventDispatchThread.java:117) ~[?:?]
	at java.desktop/java.awt.WaitDispatchSupport$2.run(WaitDispatchSupport.java:191) ~[?:?]
	at java.desktop/java.awt.WaitDispatchSupport$4.run(WaitDispatchSupport.java:236) ~[?:?]
	at java.desktop/java.awt.WaitDispatchSupport$4.run(WaitDispatchSupport.java:234) ~[?:?]
	at java.base/java.security.AccessController.doPrivileged(AccessController.java:319) [?:?]
	at java.desktop/java.awt.WaitDispatchSupport.enter(WaitDispatchSupport.java:234) ~[?:?]
	at java.desktop/java.awt.Dialog.show(Dialog.java:1080) ~[?:?]
	at java.desktop/java.awt.Component.show(Component.java:1728) ~[?:?]
	at java.desktop/java.awt.Component.setVisible(Component.java:1675) ~[?:?]
	at java.desktop/java.awt.Window.setVisible(Window.java:1036) ~[?:?]
	at java.desktop/java.awt.Dialog.setVisible(Dialog.java:1016) ~[?:?]
	at org.apache.jmeter.SplashScreen.lambda$showScreen$0(SplashScreen.java:95) ~[ApacheJMeter_core.jar:5.6.3]
	at java.desktop/java.awt.event.InvocationEvent.dispatch(InvocationEvent.java:318) ~[?:?]
	at java.desktop/java.awt.EventQueue.dispatchEventImpl(EventQueue.java:773) ~[?:?]
	at java.desktop/java.awt.EventQueue$4.run(EventQueue.java:720) ~[?:?]
	at java.desktop/java.awt.EventQueue$4.run(EventQueue.java:714) ~[?:?]
	at java.base/java.security.AccessController.doPrivileged(AccessController.java:400) [?:?]
	at java.base/java.security.ProtectionDomain$JavaSecurityAccessImpl.doIntersectionPrivilege(ProtectionDomain.java:87) [?:?]
	at java.desktop/java.awt.EventQueue.dispatchEvent(EventQueue.java:742) [?:?]
	at java.desktop/java.awt.EventDispatchThread.pumpOneEventForFilters(EventDispatchThread.java:203) [?:?]
	at java.desktop/java.awt.EventDispatchThread.pumpEventsForFilter(EventDispatchThread.java:124) [?:?]
	at java.desktop/java.awt.EventDispatchThread.pumpEventsForHierarchy(EventDispatchThread.java:113) [?:?]
	at java.desktop/java.awt.EventDispatchThread.pumpEvents(EventDispatchThread.java:109) [?:?]
	at java.desktop/java.awt.EventDispatchThread.pumpEvents(EventDispatchThread.java:101) [?:?]
	at java.desktop/java.awt.EventDispatchThread.run(EventDispatchThread.java:90) [?:?]
2025-01-27 07:21:07,403 WARN ULP: This plugin is the sole property of SAS UBIK-INGENIERIE and subject to licensing, using it without explicit company authorization will expose you to lawsuits.
2025-01-27 07:21:07,403 INFO ULP: Checking license at path : null 
2025-01-27 07:21:07,404 ERROR ULP: License file is not readable or does not exists, you have setup:'C:\Program Files\Java\apache-jmeter-5.6.3\apache-jmeter-5.6.3\bin\null', check path references an existing license file and that user running jmeter can access this file, or check property 'ULP.gwt.licensepath' in <jmeter_home>/bin/user.properties is correctly defined
2025-01-27 07:21:07,405 WARN o.a.j.g.u.MenuFactory: Configuration error, probably corrupt or missing third party library(jar)? Could not create class: com.ubikingenierie.jmeter.plugin.gwt.postprocessor.gui.GwtToObjectPostProcessorGui.
java.lang.NoClassDefFoundError: License cannot be checked, license file is not readable or does not exists, you have setup:'C:\Program Files\Java\apache-jmeter-5.6.3\apache-jmeter-5.6.3\bin\null', check path references an existing license file and that user running jmeter can access this file or check property 'ULP.gwt.licensepath' in <jmeter_home>/bin/user.properties is correctly defined
	at com.ubikingenierie.jmeter.plugin.gwt.license.LM.g(LM.java:470) ~[ubik-jmeter-gwt-plugin-4.6.0.jar:4.6.0]
	at com.ubikingenierie.jmeter.plugin.gwt.postprocessor.gui.GwtToObjectPostProcessorGui.<clinit>(GwtToObjectPostProcessorGui.java:32) ~[ubik-jmeter-gwt-plugin-4.6.0.jar:4.6.0]
	at java.base/jdk.internal.misc.Unsafe.ensureClassInitialized0(Native Method) ~[?:?]
	at java.base/jdk.internal.misc.Unsafe.ensureClassInitialized(Unsafe.java:1160) ~[?:?]
	at java.base/jdk.internal.reflect.MethodHandleAccessorFactory.ensureClassInitialized(MethodHandleAccessorFactory.java:300) ~[?:?]
	at java.base/jdk.internal.reflect.MethodHandleAccessorFactory.newConstructorAccessor(MethodHandleAccessorFactory.java:103) ~[?:?]
	at java.base/jdk.internal.reflect.ReflectionFactory.newConstructorAccessor(ReflectionFactory.java:200) ~[?:?]
	at java.base/java.lang.reflect.Constructor.acquireConstructorAccessor(Constructor.java:547) ~[?:?]
	at java.base/java.lang.reflect.Constructor.newInstanceWithCaller(Constructor.java:497) ~[?:?]
	at java.base/java.lang.reflect.Constructor.newInstance(Constructor.java:484) ~[?:?]
	at org.apache.jmeter.gui.util.MenuFactory.getGUIComponent(MenuFactory.java:215) ~[ApacheJMeter_core.jar:5.6.3]
	at org.apache.jmeter.gui.util.MenuFactory.initializeMenus(MenuFactory.java:159) ~[ApacheJMeter_core.jar:5.6.3]
	at org.apache.jmeter.gui.util.MenuFactory.<clinit>(MenuFactory.java:108) ~[ApacheJMeter_core.jar:5.6.3]
	at org.apache.jmeter.control.gui.TestPlanGui.createPopupMenu(TestPlanGui.java:109) ~[ApacheJMeter_core.jar:5.6.3]
	at org.apache.jmeter.gui.tree.JMeterTreeNode.createPopupMenu(JMeterTreeNode.java:184) ~[ApacheJMeter_core.jar:5.6.3]
	at org.apache.jmeter.gui.action.EditCommand.doAction(EditCommand.java:49) ~[ApacheJMeter_core.jar:5.6.3]
	at org.apache.jmeter.gui.action.ActionRouter.performAction(ActionRouter.java:83) ~[ApacheJMeter_core.jar:5.6.3]
	at org.apache.jmeter.gui.action.ActionRouter.lambda$actionPerformed$0(ActionRouter.java:65) ~[ApacheJMeter_core.jar:5.6.3]
	at java.desktop/java.awt.event.InvocationEvent.dispatch(InvocationEvent.java:318) [?:?]
	at java.desktop/java.awt.EventQueue.dispatchEventImpl(EventQueue.java:773) [?:?]
	at java.desktop/java.awt.EventQueue$4.run(EventQueue.java:720) [?:?]
	at java.desktop/java.awt.EventQueue$4.run(EventQueue.java:714) [?:?]
	at java.base/java.security.AccessController.doPrivileged(AccessController.java:400) ~[?:?]
	at java.base/java.security.ProtectionDomain$JavaSecurityAccessImpl.doIntersectionPrivilege(ProtectionDomain.java:87) ~[?:?]
	at java.desktop/java.awt.EventQueue.dispatchEvent(EventQueue.java:742) ~[?:?]
	at java.desktop/java.awt.EventDispatchThread.pumpOneEventForFilters(EventDispatchThread.java:203) ~[?:?]
	at java.desktop/java.awt.EventDispatchThread.pumpEventsForFilter(EventDispatchThread.java:124) ~[?:?]
	at java.desktop/java.awt.EventDispatchThread.pumpEventsForFilter(EventDispatchThread.java:117) ~[?:?]
	at java.desktop/java.awt.WaitDispatchSupport$2.run(WaitDispatchSupport.java:191) ~[?:?]
	at java.desktop/java.awt.WaitDispatchSupport$4.run(WaitDispatchSupport.java:236) ~[?:?]
	at java.desktop/java.awt.WaitDispatchSupport$4.run(WaitDispatchSupport.java:234) ~[?:?]
	at java.base/java.security.AccessController.doPrivileged(AccessController.java:319) [?:?]
	at java.desktop/java.awt.WaitDispatchSupport.enter(WaitDispatchSupport.java:234) ~[?:?]
	at java.desktop/java.awt.Dialog.show(Dialog.java:1080) ~[?:?]
	at java.desktop/java.awt.Component.show(Component.java:1728) ~[?:?]
	at java.desktop/java.awt.Component.setVisible(Component.java:1675) ~[?:?]
	at java.desktop/java.awt.Window.setVisible(Window.java:1036) ~[?:?]
	at java.desktop/java.awt.Dialog.setVisible(Dialog.java:1016) ~[?:?]
	at org.apache.jmeter.SplashScreen.lambda$showScreen$0(SplashScreen.java:95) ~[ApacheJMeter_core.jar:5.6.3]
	at java.desktop/java.awt.event.InvocationEvent.dispatch(InvocationEvent.java:318) ~[?:?]
	at java.desktop/java.awt.EventQueue.dispatchEventImpl(EventQueue.java:773) ~[?:?]
	at java.desktop/java.awt.EventQueue$4.run(EventQueue.java:720) ~[?:?]
	at java.desktop/java.awt.EventQueue$4.run(EventQueue.java:714) ~[?:?]
	at java.base/java.security.AccessController.doPrivileged(AccessController.java:400) [?:?]
	at java.base/java.security.ProtectionDomain$JavaSecurityAccessImpl.doIntersectionPrivilege(ProtectionDomain.java:87) [?:?]
	at java.desktop/java.awt.EventQueue.dispatchEvent(EventQueue.java:742) [?:?]
	at java.desktop/java.awt.EventDispatchThread.pumpOneEventForFilters(EventDispatchThread.java:203) [?:?]
	at java.desktop/java.awt.EventDispatchThread.pumpEventsForFilter(EventDispatchThread.java:124) [?:?]
	at java.desktop/java.awt.EventDispatchThread.pumpEventsForHierarchy(EventDispatchThread.java:113) [?:?]
	at java.desktop/java.awt.EventDispatchThread.pumpEvents(EventDispatchThread.java:109) [?:?]
	at java.desktop/java.awt.EventDispatchThread.pumpEvents(EventDispatchThread.java:101) [?:?]
	at java.desktop/java.awt.EventDispatchThread.run(EventDispatchThread.java:90) [?:?]
2025-01-27 07:21:07,406 WARN ULP: This plugin is the sole property of SAS UBIK-INGENIERIE and subject to licensing, using it without explicit company authorization will expose you to lawsuits.
2025-01-27 07:21:07,406 INFO ULP: Checking license at path : null 
2025-01-27 07:21:07,406 ERROR ULP: License file is not readable or does not exists, you have setup:'C:\Program Files\Java\apache-jmeter-5.6.3\apache-jmeter-5.6.3\bin\null', check path references an existing license file and that user running jmeter can access this file, or check property 'ULP.gwt.licensepath' in <jmeter_home>/bin/user.properties is correctly defined
2025-01-27 07:21:07,406 WARN o.a.j.g.u.MenuFactory: Configuration error, probably corrupt or missing third party library(jar)? Could not create class: com.ubikingenierie.jmeter.plugin.gwt.preprocessor.gui.GwtPreProcessorGui.
java.lang.NoClassDefFoundError: License cannot be checked, license file is not readable or does not exists, you have setup:'C:\Program Files\Java\apache-jmeter-5.6.3\apache-jmeter-5.6.3\bin\null', check path references an existing license file and that user running jmeter can access this file or check property 'ULP.gwt.licensepath' in <jmeter_home>/bin/user.properties is correctly defined
	at com.ubikingenierie.jmeter.plugin.gwt.license.LM.g(LM.java:470) ~[ubik-jmeter-gwt-plugin-4.6.0.jar:4.6.0]
	at com.ubikingenierie.jmeter.plugin.gwt.preprocessor.gui.GwtPreProcessorGui.<clinit>(GwtPreProcessorGui.java:25) ~[ubik-jmeter-gwt-plugin-4.6.0.jar:4.6.0]
	at java.base/jdk.internal.misc.Unsafe.ensureClassInitialized0(Native Method) ~[?:?]
	at java.base/jdk.internal.misc.Unsafe.ensureClassInitialized(Unsafe.java:1160) ~[?:?]
	at java.base/jdk.internal.reflect.MethodHandleAccessorFactory.ensureClassInitialized(MethodHandleAccessorFactory.java:300) ~[?:?]
	at java.base/jdk.internal.reflect.MethodHandleAccessorFactory.newConstructorAccessor(MethodHandleAccessorFactory.java:103) ~[?:?]
	at java.base/jdk.internal.reflect.ReflectionFactory.newConstructorAccessor(ReflectionFactory.java:200) ~[?:?]
	at java.base/java.lang.reflect.Constructor.acquireConstructorAccessor(Constructor.java:547) ~[?:?]
	at java.base/java.lang.reflect.Constructor.newInstanceWithCaller(Constructor.java:497) ~[?:?]
	at java.base/java.lang.reflect.Constructor.newInstance(Constructor.java:484) ~[?:?]
	at org.apache.jmeter.gui.util.MenuFactory.getGUIComponent(MenuFactory.java:215) ~[ApacheJMeter_core.jar:5.6.3]
	at org.apache.jmeter.gui.util.MenuFactory.initializeMenus(MenuFactory.java:159) ~[ApacheJMeter_core.jar:5.6.3]
	at org.apache.jmeter.gui.util.MenuFactory.<clinit>(MenuFactory.java:108) ~[ApacheJMeter_core.jar:5.6.3]
	at org.apache.jmeter.control.gui.TestPlanGui.createPopupMenu(TestPlanGui.java:109) ~[ApacheJMeter_core.jar:5.6.3]
	at org.apache.jmeter.gui.tree.JMeterTreeNode.createPopupMenu(JMeterTreeNode.java:184) ~[ApacheJMeter_core.jar:5.6.3]
	at org.apache.jmeter.gui.action.EditCommand.doAction(EditCommand.java:49) ~[ApacheJMeter_core.jar:5.6.3]
	at org.apache.jmeter.gui.action.ActionRouter.performAction(ActionRouter.java:83) ~[ApacheJMeter_core.jar:5.6.3]
	at org.apache.jmeter.gui.action.ActionRouter.lambda$actionPerformed$0(ActionRouter.java:65) ~[ApacheJMeter_core.jar:5.6.3]
	at java.desktop/java.awt.event.InvocationEvent.dispatch(InvocationEvent.java:318) [?:?]
	at java.desktop/java.awt.EventQueue.dispatchEventImpl(EventQueue.java:773) [?:?]
	at java.desktop/java.awt.EventQueue$4.run(EventQueue.java:720) [?:?]
	at java.desktop/java.awt.EventQueue$4.run(EventQueue.java:714) [?:?]
	at java.base/java.security.AccessController.doPrivileged(AccessController.java:400) ~[?:?]
	at java.base/java.security.ProtectionDomain$JavaSecurityAccessImpl.doIntersectionPrivilege(ProtectionDomain.java:87) ~[?:?]
	at java.desktop/java.awt.EventQueue.dispatchEvent(EventQueue.java:742) ~[?:?]
	at java.desktop/java.awt.EventDispatchThread.pumpOneEventForFilters(EventDispatchThread.java:203) ~[?:?]
	at java.desktop/java.awt.EventDispatchThread.pumpEventsForFilter(EventDispatchThread.java:124) ~[?:?]
	at java.desktop/java.awt.EventDispatchThread.pumpEventsForFilter(EventDispatchThread.java:117) ~[?:?]
	at java.desktop/java.awt.WaitDispatchSupport$2.run(WaitDispatchSupport.java:191) ~[?:?]
	at java.desktop/java.awt.WaitDispatchSupport$4.run(WaitDispatchSupport.java:236) ~[?:?]
	at java.desktop/java.awt.WaitDispatchSupport$4.run(WaitDispatchSupport.java:234) ~[?:?]
	at java.base/java.security.AccessController.doPrivileged(AccessController.java:319) [?:?]
	at java.desktop/java.awt.WaitDispatchSupport.enter(WaitDispatchSupport.java:234) ~[?:?]
	at java.desktop/java.awt.Dialog.show(Dialog.java:1080) ~[?:?]
	at java.desktop/java.awt.Component.show(Component.java:1728) ~[?:?]
	at java.desktop/java.awt.Component.setVisible(Component.java:1675) ~[?:?]
	at java.desktop/java.awt.Window.setVisible(Window.java:1036) ~[?:?]
	at java.desktop/java.awt.Dialog.setVisible(Dialog.java:1016) ~[?:?]
	at org.apache.jmeter.SplashScreen.lambda$showScreen$0(SplashScreen.java:95) ~[ApacheJMeter_core.jar:5.6.3]
	at java.desktop/java.awt.event.InvocationEvent.dispatch(InvocationEvent.java:318) ~[?:?]
	at java.desktop/java.awt.EventQueue.dispatchEventImpl(EventQueue.java:773) ~[?:?]
	at java.desktop/java.awt.EventQueue$4.run(EventQueue.java:720) ~[?:?]
	at java.desktop/java.awt.EventQueue$4.run(EventQueue.java:714) ~[?:?]
	at java.base/java.security.AccessController.doPrivileged(AccessController.java:400) [?:?]
	at java.base/java.security.ProtectionDomain$JavaSecurityAccessImpl.doIntersectionPrivilege(ProtectionDomain.java:87) [?:?]
	at java.desktop/java.awt.EventQueue.dispatchEvent(EventQueue.java:742) [?:?]
	at java.desktop/java.awt.EventDispatchThread.pumpOneEventForFilters(EventDispatchThread.java:203) [?:?]
	at java.desktop/java.awt.EventDispatchThread.pumpEventsForFilter(EventDispatchThread.java:124) [?:?]
	at java.desktop/java.awt.EventDispatchThread.pumpEventsForHierarchy(EventDispatchThread.java:113) [?:?]
	at java.desktop/java.awt.EventDispatchThread.pumpEvents(EventDispatchThread.java:109) [?:?]
	at java.desktop/java.awt.EventDispatchThread.pumpEvents(EventDispatchThread.java:101) [?:?]
	at java.desktop/java.awt.EventDispatchThread.run(EventDispatchThread.java:90) [?:?]
2025-01-27 07:21:20,944 INFO o.a.j.s.FileServer: Default base='C:\Program Files\Java\apache-jmeter-5.6.3\apache-jmeter-5.6.3\bin'
2025-01-27 07:21:20,949 INFO o.a.j.g.a.Load: Loading file: C:\Users\victor.ibarguen\Desktop\Test Plan.jmx
2025-01-27 07:21:20,949 INFO o.a.j.s.FileServer: Set new base='C:\Users\victor.ibarguen\Desktop'
2025-01-27 07:21:21,261 INFO o.a.j.s.SaveService: Testplan (JMX) version: 2.2. Testlog (JTL) version: 2.2
2025-01-27 07:21:21,270 INFO o.a.j.s.SaveService: Using SaveService properties version 5.0
2025-01-27 07:21:21,271 INFO o.a.j.s.SaveService: Using SaveService properties file encoding UTF-8
2025-01-27 07:21:21,272 INFO o.a.j.s.SaveService: Loading file: C:\Users\victor.ibarguen\Desktop\Test Plan.jmx
2025-01-27 07:21:21,355 WARN o.j.r.p.TestPlanAnalyzer: Cannot parse file: C:\Users\victor.ibarguen\Desktop\Test Plan.jmx
org.xml.sax.SAXParseException: Character reference "&#x0" is an invalid XML character.
	at org.apache.xerces.parsers.DOMParser.parse(Unknown Source) ~[xercesImpl-2.12.2.jar:?]
	at org.apache.xerces.jaxp.DocumentBuilderImpl.parse(Unknown Source) ~[xercesImpl-2.12.2.jar:?]
	at java.xml/javax.xml.parsers.DocumentBuilder.parse(DocumentBuilder.java:122) ~[?:?]
	at org.jmeterplugins.repository.plugins.TestPlanAnalyzer.getNodeListWithClassNames(TestPlanAnalyzer.java:130) ~[jmeter-plugins-manager-1.10.jar:?]
	at org.jmeterplugins.repository.plugins.TestPlanAnalyzer.analyze(TestPlanAnalyzer.java:37) ~[jmeter-plugins-manager-1.10.jar:?]
	at org.jmeterplugins.repository.plugins.PluginSuggester.analyzeTestPlan(PluginSuggester.java:51) ~[jmeter-plugins-manager-1.10.jar:?]
	at org.jmeterplugins.repository.plugins.PluginSuggester.findPluginsToInstall(PluginSuggester.java:44) ~[jmeter-plugins-manager-1.10.jar:?]
	at org.jmeterplugins.repository.plugins.PluginSuggester.checkAndSuggest(PluginSuggester.java:28) ~[jmeter-plugins-manager-1.10.jar:?]
	at org.jmeterplugins.repository.logging.LoggerAppender.append(LoggerAppender.java:33) ~[jmeter-plugins-manager-1.10.jar:?]
	at org.apache.logging.log4j.core.config.AppenderControl.tryCallAppender(AppenderControl.java:160) ~[log4j-core-2.22.1.jar:2.22.1]
	at org.apache.logging.log4j.core.config.AppenderControl.callAppender0(AppenderControl.java:133) ~[log4j-core-2.22.1.jar:2.22.1]
	at org.apache.logging.log4j.core.config.AppenderControl.callAppenderPreventRecursion(AppenderControl.java:124) ~[log4j-core-2.22.1.jar:2.22.1]
	at org.apache.logging.log4j.core.config.AppenderControl.callAppender(AppenderControl.java:88) ~[log4j-core-2.22.1.jar:2.22.1]
	at org.apache.logging.log4j.core.config.LoggerConfig.callAppenders(LoggerConfig.java:705) ~[log4j-core-2.22.1.jar:2.22.1]
	at org.apache.logging.log4j.core.config.LoggerConfig.processLogEvent(LoggerConfig.java:663) ~[log4j-core-2.22.1.jar:2.22.1]
	at org.apache.logging.log4j.core.config.LoggerConfig.log(LoggerConfig.java:639) ~[log4j-core-2.22.1.jar:2.22.1]
	at org.apache.logging.log4j.core.config.LoggerConfig.log(LoggerConfig.java:575) ~[log4j-core-2.22.1.jar:2.22.1]
	at org.apache.logging.log4j.core.config.AwaitCompletionReliabilityStrategy.log(AwaitCompletionReliabilityStrategy.java:92) ~[log4j-core-2.22.1.jar:2.22.1]
	at org.apache.logging.log4j.core.Logger.log(Logger.java:169) ~[log4j-core-2.22.1.jar:2.22.1]
	at org.apache.logging.log4j.spi.AbstractLogger.tryLogMessage(AbstractLogger.java:2933) ~[log4j-api-2.22.1.jar:2.22.1]
	at org.apache.logging.log4j.spi.AbstractLogger.logMessageTrackRecursion(AbstractLogger.java:2886) ~[log4j-api-2.22.1.jar:2.22.1]
	at org.apache.logging.log4j.spi.AbstractLogger.logMessageSafely(AbstractLogger.java:2868) ~[log4j-api-2.22.1.jar:2.22.1]
	at org.apache.logging.log4j.spi.AbstractLogger.logMessage(AbstractLogger.java:2664) ~[log4j-api-2.22.1.jar:2.22.1]
	at org.apache.logging.log4j.spi.AbstractLogger.logIfEnabled(AbstractLogger.java:2429) ~[log4j-api-2.22.1.jar:2.22.1]
	at org.apache.logging.slf4j.Log4jLogger.info(Log4jLogger.java:184) ~[log4j-slf4j-impl-2.22.1.jar:2.22.1]
	at org.apache.jmeter.save.SaveService.loadTree(SaveService.java:425) ~[ApacheJMeter_core.jar:5.6.3]
	at org.apache.jmeter.gui.action.Load.loadProjectFile(Load.java:131) ~[ApacheJMeter_core.jar:5.6.3]
	at org.apache.jmeter.gui.action.Load.loadProjectFile(Load.java:103) ~[ApacheJMeter_core.jar:5.6.3]
	at org.apache.jmeter.gui.action.LoadRecentProject.doActionAfterCheck(LoadRecentProject.java:74) ~[ApacheJMeter_core.jar:5.6.3]
	at org.apache.jmeter.gui.action.AbstractActionWithNoRunningTest.doAction(AbstractActionWithNoRunningTest.java:44) ~[ApacheJMeter_core.jar:5.6.3]
	at org.apache.jmeter.gui.action.ActionRouter.performAction(ActionRouter.java:83) ~[ApacheJMeter_core.jar:5.6.3]
	at org.apache.jmeter.gui.action.ActionRouter.lambda$actionPerformed$0(ActionRouter.java:65) ~[ApacheJMeter_core.jar:5.6.3]
	at java.desktop/java.awt.event.InvocationEvent.dispatch(InvocationEvent.java:318) ~[?:?]
	at java.desktop/java.awt.EventQueue.dispatchEventImpl(EventQueue.java:773) ~[?:?]
	at java.desktop/java.awt.EventQueue$4.run(EventQueue.java:720) ~[?:?]
	at java.desktop/java.awt.EventQueue$4.run(EventQueue.java:714) ~[?:?]
	at java.base/java.security.AccessController.doPrivileged(AccessController.java:400) [?:?]
	at java.base/java.security.ProtectionDomain$JavaSecurityAccessImpl.doIntersectionPrivilege(ProtectionDomain.java:87) [?:?]
	at java.desktop/java.awt.EventQueue.dispatchEvent(EventQueue.java:742) [?:?]
	at java.desktop/java.awt.EventDispatchThread.pumpOneEventForFilters(EventDispatchThread.java:203) [?:?]
	at java.desktop/java.awt.EventDispatchThread.pumpEventsForFilter(EventDispatchThread.java:124) [?:?]
	at java.desktop/java.awt.EventDispatchThread.pumpEventsForHierarchy(EventDispatchThread.java:113) [?:?]
	at java.desktop/java.awt.EventDispatchThread.pumpEvents(EventDispatchThread.java:109) [?:?]
	at java.desktop/java.awt.EventDispatchThread.pumpEvents(EventDispatchThread.java:101) [?:?]
	at java.desktop/java.awt.EventDispatchThread.run(EventDispatchThread.java:90) [?:?]
2025-01-27 07:21:21,405 INFO o.a.j.p.h.c.CookieManager: Settings: Delete null: true Check: true Allow variable: true Save: false Prefix: COOKIE_
2025-01-27 07:21:21,434 INFO o.a.j.p.h.s.HTTPSamplerBase: Parser for text/html is org.apache.jmeter.protocol.http.parser.LagartoBasedHtmlParser
2025-01-27 07:21:21,434 INFO o.a.j.p.h.s.HTTPSamplerBase: Parser for application/xhtml+xml is org.apache.jmeter.protocol.http.parser.LagartoBasedHtmlParser
2025-01-27 07:21:21,434 INFO o.a.j.p.h.s.HTTPSamplerBase: Parser for application/xml is org.apache.jmeter.protocol.http.parser.LagartoBasedHtmlParser
2025-01-27 07:21:21,434 INFO o.a.j.p.h.s.HTTPSamplerBase: Parser for text/xml is org.apache.jmeter.protocol.http.parser.LagartoBasedHtmlParser
2025-01-27 07:21:21,434 INFO o.a.j.p.h.s.HTTPSamplerBase: Parser for text/vnd.wap.wml is org.apache.jmeter.protocol.http.parser.RegexpHTMLParser
2025-01-27 07:21:21,434 INFO o.a.j.p.h.s.HTTPSamplerBase: Parser for text/css is org.apache.jmeter.protocol.http.parser.CssParser
2025-01-27 07:21:21,697 INFO o.a.j.e.KeyToolUtils: keytool found at 'keytool'
2025-01-27 07:21:21,698 INFO o.a.j.p.h.p.ProxyControl: HTTP(S) Test Script Recorder SSL Proxy will use keys that support embedded 3rd party resources in file C:\Program Files\Java\apache-jmeter-5.6.3\apache-jmeter-5.6.3\bin\proxyserver.jks
2025-01-27 07:21:22,417 INFO o.a.j.s.SampleResult: Note: Sample TimeStamps are START times
2025-01-27 07:21:22,417 INFO o.a.j.s.SampleResult: sampleresult.default.encoding is set to UTF-8
2025-01-27 07:21:22,417 INFO o.a.j.s.SampleResult: sampleresult.useNanoTime=true
2025-01-27 07:21:22,417 INFO o.a.j.s.SampleResult: sampleresult.nanoThreadSleep=5000
2025-01-27 07:21:22,452 INFO o.a.j.r.ClassFinder: Will scan jar C:\Program Files\Java\apache-jmeter-5.6.3\apache-jmeter-5.6.3\lib\ext\jmeter-formman-1.0.jar with filter ExtendsClassFilter [parents=[interface org.apache.jmeter.visualizers.ResultRenderer], inner=false, contains=null, notContains=null]. Consider exposing JMeter plugins via META-INF/services, and add JMeter-Skip-Class-Scanning=true manifest attribute so JMeter can skip classfile scanning
2025-01-27 07:21:22,454 INFO o.a.j.r.ClassFinder: Will scan jar C:\Program Files\Java\apache-jmeter-5.6.3\apache-jmeter-5.6.3\lib\ext\jmeter-datadog-backend-listener-0.5.0.jar with filter ExtendsClassFilter [parents=[interface org.apache.jmeter.visualizers.ResultRenderer], inner=false, contains=null, notContains=null]. Consider exposing JMeter plugins via META-INF/services, and add JMeter-Skip-Class-Scanning=true manifest attribute so JMeter can skip classfile scanning
2025-01-27 07:21:22,456 INFO o.a.j.r.ClassFinder: Will scan jar C:\Program Files\Java\apache-jmeter-5.6.3\apache-jmeter-5.6.3\lib\ext\jmeter-plugins-jmxmon-0.3.jar with filter ExtendsClassFilter [parents=[interface org.apache.jmeter.visualizers.ResultRenderer], inner=false, contains=null, notContains=null]. Consider exposing JMeter plugins via META-INF/services, and add JMeter-Skip-Class-Scanning=true manifest attribute so JMeter can skip classfile scanning
2025-01-27 07:21:22,456 INFO o.a.j.r.ClassFinder: Will scan jar C:\Program Files\Java\apache-jmeter-5.6.3\apache-jmeter-5.6.3\lib\ext\jmeter-plugins-graphs-ggl-2.0.jar with filter ExtendsClassFilter [parents=[interface org.apache.jmeter.visualizers.ResultRenderer], inner=false, contains=null, notContains=null]. Consider exposing JMeter plugins via META-INF/services, and add JMeter-Skip-Class-Scanning=true manifest attribute so JMeter can skip classfile scanning
2025-01-27 07:21:22,457 INFO o.a.j.r.ClassFinder: Will scan jar C:\Program Files\Java\apache-jmeter-5.6.3\apache-jmeter-5.6.3\lib\ext\jmeter.pack-listener-1.7.jar with filter ExtendsClassFilter [parents=[interface org.apache.jmeter.visualizers.ResultRenderer], inner=false, contains=null, notContains=null]. Consider exposing JMeter plugins via META-INF/services, and add JMeter-Skip-Class-Scanning=true manifest attribute so JMeter can skip classfile scanning
2025-01-27 07:21:22,462 INFO o.a.j.r.ClassFinder: Will scan jar C:\Program Files\Java\apache-jmeter-5.6.3\apache-jmeter-5.6.3\lib\ext\jmeter-dynatrace-plugin-1.8.0.jar with filter ExtendsClassFilter [parents=[interface org.apache.jmeter.visualizers.ResultRenderer], inner=false, contains=null, notContains=null]. Consider exposing JMeter plugins via META-INF/services, and add JMeter-Skip-Class-Scanning=true manifest attribute so JMeter can skip classfile scanning
2025-01-27 07:21:22,462 INFO o.a.j.r.ClassFinder: Will scan jar C:\Program Files\Java\apache-jmeter-5.6.3\apache-jmeter-5.6.3\lib\ext\jmeter-atakama-backend-1.5.0.jar with filter ExtendsClassFilter [parents=[interface org.apache.jmeter.visualizers.ResultRenderer], inner=false, contains=null, notContains=null]. Consider exposing JMeter plugins via META-INF/services, and add JMeter-Skip-Class-Scanning=true manifest attribute so JMeter can skip classfile scanning
2025-01-27 07:21:22,463 INFO o.a.j.r.ClassFinder: Will scan jar C:\Program Files\Java\apache-jmeter-5.6.3\apache-jmeter-5.6.3\lib\ext\jmeter-plugins-manager-1.10.jar with filter ExtendsClassFilter [parents=[interface org.apache.jmeter.visualizers.ResultRenderer], inner=false, contains=null, notContains=null]. Consider exposing JMeter plugins via META-INF/services, and add JMeter-Skip-Class-Scanning=true manifest attribute so JMeter can skip classfile scanning
2025-01-27 07:21:22,464 INFO o.a.j.r.ClassFinder: Will scan jar C:\Program Files\Java\apache-jmeter-5.6.3\apache-jmeter-5.6.3\lib\ext\otel-apm-jmeter-plugin-1.0-jar-with-dependencies.jar with filter ExtendsClassFilter [parents=[interface org.apache.jmeter.visualizers.ResultRenderer], inner=false, contains=null, notContains=null]. Consider exposing JMeter plugins via META-INF/services, and add JMeter-Skip-Class-Scanning=true manifest attribute so JMeter can skip classfile scanning
2025-01-27 07:21:22,465 INFO o.a.j.r.ClassFinder: Will scan jar C:\Program Files\Java\apache-jmeter-5.6.3\apache-jmeter-5.6.3\lib\ext\jmeter-plugins-graphs-basic-2.0.jar with filter ExtendsClassFilter [parents=[interface org.apache.jmeter.visualizers.ResultRenderer], inner=false, contains=null, notContains=null]. Consider exposing JMeter plugins via META-INF/services, and add JMeter-Skip-Class-Scanning=true manifest attribute so JMeter can skip classfile scanning
2025-01-27 07:21:22,466 INFO o.a.j.r.ClassFinder: Will scan jar C:\Program Files\Java\apache-jmeter-5.6.3\apache-jmeter-5.6.3\lib\ext\jmeter-plugins-rotating-listener-0.2.jar with filter ExtendsClassFilter [parents=[interface org.apache.jmeter.visualizers.ResultRenderer], inner=false, contains=null, notContains=null]. Consider exposing JMeter plugins via META-INF/services, and add JMeter-Skip-Class-Scanning=true manifest attribute so JMeter can skip classfile scanning
2025-01-27 07:21:22,466 INFO o.a.j.r.ClassFinder: Will scan jar C:\Program Files\Java\apache-jmeter-5.6.3\apache-jmeter-5.6.3\lib\ext\jmeter-plugins-autostop-0.2.jar with filter ExtendsClassFilter [parents=[interface org.apache.jmeter.visualizers.ResultRenderer], inner=false, contains=null, notContains=null]. Consider exposing JMeter plugins via META-INF/services, and add JMeter-Skip-Class-Scanning=true manifest attribute so JMeter can skip classfile scanning
2025-01-27 07:21:22,466 INFO o.a.j.r.ClassFinder: Will scan jar C:\Program Files\Java\apache-jmeter-5.6.3\apache-jmeter-5.6.3\lib\ext\ubik-jmeter-gwt-plugin-4.6.0.jar with filter ExtendsClassFilter [parents=[interface org.apache.jmeter.visualizers.ResultRenderer], inner=false, contains=null, notContains=null]. Consider exposing JMeter plugins via META-INF/services, and add JMeter-Skip-Class-Scanning=true manifest attribute so JMeter can skip classfile scanning
2025-01-27 07:21:22,474 INFO o.a.j.r.ClassFinder: Will scan jar C:\Program Files\Java\apache-jmeter-5.6.3\apache-jmeter-5.6.3\lib\ext\jmeter-plugins-senseuploader-3.5.jar with filter ExtendsClassFilter [parents=[interface org.apache.jmeter.visualizers.ResultRenderer], inner=false, contains=null, notContains=null]. Consider exposing JMeter plugins via META-INF/services, and add JMeter-Skip-Class-Scanning=true manifest attribute so JMeter can skip classfile scanning
2025-01-27 07:21:22,475 INFO o.a.j.r.ClassFinder: Will scan jar C:\Program Files\Java\apache-jmeter-5.6.3\apache-jmeter-5.6.3\lib\ext\jmeter.backendlistener.elasticsearch-2.7.1.jar with filter ExtendsClassFilter [parents=[interface org.apache.jmeter.visualizers.ResultRenderer], inner=false, contains=null, notContains=null]. Consider exposing JMeter plugins via META-INF/services, and add JMeter-Skip-Class-Scanning=true manifest attribute so JMeter can skip classfile scanning
2025-01-27 07:21:22,480 INFO o.a.j.r.ClassFinder: Will scan jar C:\Program Files\Java\apache-jmeter-5.6.3\apache-jmeter-5.6.3\lib\ext\jmeter-plugins-table-server-5.0.jar with filter ExtendsClassFilter [parents=[interface org.apache.jmeter.visualizers.ResultRenderer], inner=false, contains=null, notContains=null]. Consider exposing JMeter plugins via META-INF/services, and add JMeter-Skip-Class-Scanning=true manifest attribute so JMeter can skip classfile scanning
2025-01-27 07:21:22,481 INFO o.a.j.r.ClassFinder: Will scan jar C:\Program Files\Java\apache-jmeter-5.6.3\apache-jmeter-5.6.3\lib\ext\jmeter-plugins-httpraw-0.1.jar with filter ExtendsClassFilter [parents=[interface org.apache.jmeter.visualizers.ResultRenderer], inner=false, contains=null, notContains=null]. Consider exposing JMeter plugins via META-INF/services, and add JMeter-Skip-Class-Scanning=true manifest attribute so JMeter can skip classfile scanning
2025-01-27 07:21:22,482 INFO o.a.j.r.ClassFinder: Will scan jar C:\Program Files\Java\apache-jmeter-5.6.3\apache-jmeter-5.6.3\lib\ext\jmeter.backendlistener.azure-0.2.9.jar with filter ExtendsClassFilter [parents=[interface org.apache.jmeter.visualizers.ResultRenderer], inner=false, contains=null, notContains=null]. Consider exposing JMeter plugins via META-INF/services, and add JMeter-Skip-Class-Scanning=true manifest attribute so JMeter can skip classfile scanning
2025-01-27 07:21:22,494 INFO o.a.j.r.ClassFinder: Will scan jar C:\Program Files\Java\apache-jmeter-5.6.3\apache-jmeter-5.6.3\lib\ext\jmeter.backendlistener.kafka-1.0.0.jar with filter ExtendsClassFilter [parents=[interface org.apache.jmeter.visualizers.ResultRenderer], inner=false, contains=null, notContains=null]. Consider exposing JMeter plugins via META-INF/services, and add JMeter-Skip-Class-Scanning=true manifest attribute so JMeter can skip classfile scanning
2025-01-27 07:21:22,504 INFO o.a.j.r.ClassFinder: Will scan jar C:\Program Files\Java\apache-jmeter-5.6.3\apache-jmeter-5.6.3\lib\ext\citrix-jmeter-0.7.7.jar with filter ExtendsClassFilter [parents=[interface org.apache.jmeter.visualizers.ResultRenderer], inner=false, contains=null, notContains=null]. Consider exposing JMeter plugins via META-INF/services, and add JMeter-Skip-Class-Scanning=true manifest attribute so JMeter can skip classfile scanning
2025-01-27 07:21:22,510 INFO o.a.j.r.ClassFinder: Will scan jar C:\Program Files\Java\apache-jmeter-5.6.3\apache-jmeter-5.6.3\lib\ext\rapi-jmeter-plugins-1.0.2.jar with filter ExtendsClassFilter [parents=[interface org.apache.jmeter.visualizers.ResultRenderer], inner=false, contains=null, notContains=null]. Consider exposing JMeter plugins via META-INF/services, and add JMeter-Skip-Class-Scanning=true manifest attribute so JMeter can skip classfile scanning
2025-01-27 07:21:22,510 INFO o.a.j.r.ClassFinder: Will scan jar C:\Program Files\Java\apache-jmeter-5.6.3\apache-jmeter-5.6.3\lib\ext\jmeter-plugins-casutg-2.10.jar with filter ExtendsClassFilter [parents=[interface org.apache.jmeter.visualizers.ResultRenderer], inner=false, contains=null, notContains=null]. Consider exposing JMeter plugins via META-INF/services, and add JMeter-Skip-Class-Scanning=true manifest attribute so JMeter can skip classfile scanning
2025-01-27 07:21:22,510 INFO o.a.j.r.ClassFinder: Will scan jar C:\Program Files\Java\apache-jmeter-5.6.3\apache-jmeter-5.6.3\lib\ext\jmeter-plugins-dbmon-0.1.jar with filter ExtendsClassFilter [parents=[interface org.apache.jmeter.visualizers.ResultRenderer], inner=false, contains=null, notContains=null]. Consider exposing JMeter plugins via META-INF/services, and add JMeter-Skip-Class-Scanning=true manifest attribute so JMeter can skip classfile scanning
2025-01-27 07:21:22,511 INFO o.a.j.r.ClassFinder: Will scan jar C:\Program Files\Java\apache-jmeter-5.6.3\apache-jmeter-5.6.3\lib\ext\jmeter-plugins-casutg-3.0.jar with filter ExtendsClassFilter [parents=[interface org.apache.jmeter.visualizers.ResultRenderer], inner=false, contains=null, notContains=null]. Consider exposing JMeter plugins via META-INF/services, and add JMeter-Skip-Class-Scanning=true manifest attribute so JMeter can skip classfile scanning
2025-01-27 07:21:22,511 INFO o.a.j.r.ClassFinder: Will scan jar C:\Program Files\Java\apache-jmeter-5.6.3\apache-jmeter-5.6.3\lib\ext\jmeter-plugins-perfmon-2.1.jar with filter ExtendsClassFilter [parents=[interface org.apache.jmeter.visualizers.ResultRenderer], inner=false, contains=null, notContains=null]. Consider exposing JMeter plugins via META-INF/services, and add JMeter-Skip-Class-Scanning=true manifest attribute so JMeter can skip classfile scanning
2025-01-27 07:21:22,511 INFO o.a.j.r.ClassFinder: Will scan jar C:\Program Files\Java\apache-jmeter-5.6.3\apache-jmeter-5.6.3\lib\ext\jmeter-prometheus-plugin-0.6.0.jar with filter ExtendsClassFilter [parents=[interface org.apache.jmeter.visualizers.ResultRenderer], inner=false, contains=null, notContains=null]. Consider exposing JMeter plugins via META-INF/services, and add JMeter-Skip-Class-Scanning=true manifest attribute so JMeter can skip classfile scanning
2025-01-27 07:21:22,521 INFO o.a.j.r.ClassFinder: Will scan jar C:\Program Files\Java\apache-jmeter-5.6.3\apache-jmeter-5.6.3\lib\ext\ulp-observability-listener-1.1.0.jar with filter ExtendsClassFilter [parents=[interface org.apache.jmeter.visualizers.ResultRenderer], inner=false, contains=null, notContains=null]. Consider exposing JMeter plugins via META-INF/services, and add JMeter-Skip-Class-Scanning=true manifest attribute so JMeter can skip classfile scanning
2025-01-27 07:21:22,522 INFO o.a.j.r.ClassFinder: Will scan jar C:\Program Files\Java\apache-jmeter-5.6.3\apache-jmeter-5.6.3\lib\ext\jmeter-plugins-graphs-additional-2.0.jar with filter ExtendsClassFilter [parents=[interface org.apache.jmeter.visualizers.ResultRenderer], inner=false, contains=null, notContains=null]. Consider exposing JMeter plugins via META-INF/services, and add JMeter-Skip-Class-Scanning=true manifest attribute so JMeter can skip classfile scanning
2025-01-27 07:21:22,522 INFO o.a.j.r.ClassFinder: Will scan jar C:\Program Files\Java\apache-jmeter-5.6.3\apache-jmeter-5.6.3\lib\ext\elastic-apm-jmeter-plugin-2.0-jar-with-dependencies.jar with filter ExtendsClassFilter [parents=[interface org.apache.jmeter.visualizers.ResultRenderer], inner=false, contains=null, notContains=null]. Consider exposing JMeter plugins via META-INF/services, and add JMeter-Skip-Class-Scanning=true manifest attribute so JMeter can skip classfile scanning
2025-01-27 07:21:22,523 INFO o.a.j.r.ClassFinder: Will scan jar C:\Program Files\Java\apache-jmeter-5.6.3\apache-jmeter-5.6.3\lib\ext\jmeter-plugins-cmd-2.2.jar with filter ExtendsClassFilter [parents=[interface org.apache.jmeter.visualizers.ResultRenderer], inner=false, contains=null, notContains=null]. Consider exposing JMeter plugins via META-INF/services, and add JMeter-Skip-Class-Scanning=true manifest attribute so JMeter can skip classfile scanning
2025-01-27 07:21:22,523 INFO o.a.j.r.ClassFinder: Will scan jar C:\Program Files\Java\apache-jmeter-5.6.3\apache-jmeter-5.6.3\lib\ext\jmeter-plugins-csl-0.1.jar with filter ExtendsClassFilter [parents=[interface org.apache.jmeter.visualizers.ResultRenderer], inner=false, contains=null, notContains=null]. Consider exposing JMeter plugins via META-INF/services, and add JMeter-Skip-Class-Scanning=true manifest attribute so JMeter can skip classfile scanning
2025-01-27 07:21:22,526 WARN ULP: This plugin is the sole property of SAS UBIK-INGENIERIE and subject to licensing, using it without explicit company authorization will expose you to lawsuits.
2025-01-27 07:21:22,526 INFO ULP: Checking license at path : null 
2025-01-27 07:21:22,526 ERROR ULP: License file is not readable or does not exists, you have setup:'C:\Program Files\Java\apache-jmeter-5.6.3\apache-jmeter-5.6.3\bin\null', check path references an existing license file and that user running jmeter can access this file, or check property 'ULP.gwt.licensepath' in <jmeter_home>/bin/user.properties is correctly defined
2025-01-27 07:21:22,530 ERROR o.a.j.v.ViewResultsFullVisualizer: Exception registering implementation: [com.ubikingenierie.jmeter.plugin.gwt.renderer.RenderAsGwtRPCResponse] of interface: [interface org.apache.jmeter.visualizers.ResultRenderer], a dependency used by the plugin class is missing
java.lang.NoClassDefFoundError: License cannot be checked, license file is not readable or does not exists, you have setup:'C:\Program Files\Java\apache-jmeter-5.6.3\apache-jmeter-5.6.3\bin\null', check path references an existing license file and that user running jmeter can access this file or check property 'ULP.gwt.licensepath' in <jmeter_home>/bin/user.properties is correctly defined
	at com.ubikingenierie.jmeter.plugin.gwt.license.LM.g(LM.java:470) ~[ubik-jmeter-gwt-plugin-4.6.0.jar:4.6.0]
	at com.ubikingenierie.jmeter.plugin.gwt.renderer.RenderAsGwtRPCResponse.<clinit>(RenderAsGwtRPCResponse.java:27) ~[ubik-jmeter-gwt-plugin-4.6.0.jar:4.6.0]
	at java.base/jdk.internal.misc.Unsafe.ensureClassInitialized0(Native Method) ~[?:?]
	at java.base/jdk.internal.misc.Unsafe.ensureClassInitialized(Unsafe.java:1160) ~[?:?]
	at java.base/jdk.internal.reflect.MethodHandleAccessorFactory.ensureClassInitialized(MethodHandleAccessorFactory.java:300) ~[?:?]
	at java.base/jdk.internal.reflect.MethodHandleAccessorFactory.newConstructorAccessor(MethodHandleAccessorFactory.java:103) ~[?:?]
	at java.base/jdk.internal.reflect.ReflectionFactory.newConstructorAccessor(ReflectionFactory.java:200) ~[?:?]
	at java.base/java.lang.reflect.Constructor.acquireConstructorAccessor(Constructor.java:547) ~[?:?]
	at java.base/java.lang.reflect.Constructor.newInstanceWithCaller(Constructor.java:497) ~[?:?]
	at java.base/java.lang.reflect.Constructor.newInstance(Constructor.java:484) ~[?:?]
	at org.apache.jmeter.util.JMeterUtils.loadServicesAndScanJars(JMeterUtils.java:375) ~[ApacheJMeter_core.jar:5.6.3]
	at org.apache.jmeter.visualizers.ViewResultsFullVisualizer.createComboRender(ViewResultsFullVisualizer.java:464) ~[ApacheJMeter_components.jar:5.6.3]
	at org.apache.jmeter.visualizers.ViewResultsFullVisualizer.createLeftPanel(ViewResultsFullVisualizer.java:438) ~[ApacheJMeter_components.jar:5.6.3]
	at org.apache.jmeter.visualizers.ViewResultsFullVisualizer.init(ViewResultsFullVisualizer.java:349) ~[ApacheJMeter_components.jar:5.6.3]
	at org.apache.jmeter.visualizers.ViewResultsFullVisualizer.<init>(ViewResultsFullVisualizer.java:156) ~[ApacheJMeter_components.jar:5.6.3]
	at java.base/jdk.internal.reflect.DirectConstructorHandleAccessor.newInstance(DirectConstructorHandleAccessor.java:67) ~[?:?]
	at java.base/java.lang.reflect.Constructor.newInstanceWithCaller(Constructor.java:500) ~[?:?]
	at java.base/java.lang.reflect.Constructor.newInstance(Constructor.java:484) ~[?:?]
	at org.apache.jmeter.gui.GuiPackage.getGuiFromCache(GuiPackage.java:424) ~[ApacheJMeter_core.jar:5.6.3]
	at org.apache.jmeter.gui.GuiPackage.getGui(GuiPackage.java:267) ~[ApacheJMeter_core.jar:5.6.3]
	at org.apache.jmeter.gui.GuiPackage.getGui(GuiPackage.java:238) ~[ApacheJMeter_core.jar:5.6.3]
	at org.apache.jmeter.gui.tree.JMeterTreeModel.addComponent(JMeterTreeModel.java:160) ~[ApacheJMeter_core.jar:5.6.3]
	at org.apache.jmeter.gui.tree.JMeterTreeModel.addSubTree(JMeterTreeModel.java:131) ~[ApacheJMeter_core.jar:5.6.3]
	at org.apache.jmeter.gui.tree.JMeterTreeModel.addSubTree(JMeterTreeModel.java:131) ~[ApacheJMeter_core.jar:5.6.3]
	at org.apache.jmeter.gui.tree.JMeterTreeModel.addSubTree(JMeterTreeModel.java:131) ~[ApacheJMeter_core.jar:5.6.3]
	at org.apache.jmeter.gui.tree.JMeterTreeModel.addSubTree(JMeterTreeModel.java:123) ~[ApacheJMeter_core.jar:5.6.3]
	at org.apache.jmeter.gui.GuiPackage.addSubTree(GuiPackage.java:555) ~[ApacheJMeter_core.jar:5.6.3]
	at org.apache.jmeter.gui.action.Load.insertLoadedTree(Load.java:201) ~[ApacheJMeter_core.jar:5.6.3]
	at org.apache.jmeter.gui.action.Load.loadProjectFile(Load.java:132) ~[ApacheJMeter_core.jar:5.6.3]
	at org.apache.jmeter.gui.action.Load.loadProjectFile(Load.java:103) ~[ApacheJMeter_core.jar:5.6.3]
	at org.apache.jmeter.gui.action.LoadRecentProject.doActionAfterCheck(LoadRecentProject.java:74) ~[ApacheJMeter_core.jar:5.6.3]
	at org.apache.jmeter.gui.action.AbstractActionWithNoRunningTest.doAction(AbstractActionWithNoRunningTest.java:44) ~[ApacheJMeter_core.jar:5.6.3]
	at org.apache.jmeter.gui.action.ActionRouter.performAction(ActionRouter.java:83) ~[ApacheJMeter_core.jar:5.6.3]
	at org.apache.jmeter.gui.action.ActionRouter.lambda$actionPerformed$0(ActionRouter.java:65) ~[ApacheJMeter_core.jar:5.6.3]
	at java.desktop/java.awt.event.InvocationEvent.dispatch(InvocationEvent.java:318) ~[?:?]
	at java.desktop/java.awt.EventQueue.dispatchEventImpl(EventQueue.java:773) ~[?:?]
	at java.desktop/java.awt.EventQueue$4.run(EventQueue.java:720) ~[?:?]
	at java.desktop/java.awt.EventQueue$4.run(EventQueue.java:714) ~[?:?]
	at java.base/java.security.AccessController.doPrivileged(AccessController.java:400) [?:?]
	at java.base/java.security.ProtectionDomain$JavaSecurityAccessImpl.doIntersectionPrivilege(ProtectionDomain.java:87) [?:?]
	at java.desktop/java.awt.EventQueue.dispatchEvent(EventQueue.java:742) [?:?]
	at java.desktop/java.awt.EventDispatchThread.pumpOneEventForFilters(EventDispatchThread.java:203) [?:?]
	at java.desktop/java.awt.EventDispatchThread.pumpEventsForFilter(EventDispatchThread.java:124) [?:?]
	at java.desktop/java.awt.EventDispatchThread.pumpEventsForHierarchy(EventDispatchThread.java:113) [?:?]
	at java.desktop/java.awt.EventDispatchThread.pumpEvents(EventDispatchThread.java:109) [?:?]
	at java.desktop/java.awt.EventDispatchThread.pumpEvents(EventDispatchThread.java:101) [?:?]
	at java.desktop/java.awt.EventDispatchThread.run(EventDispatchThread.java:90) [?:?]
2025-01-27 07:21:22,534 WARN ULP: This plugin is the sole property of SAS UBIK-INGENIERIE and subject to licensing, using it without explicit company authorization will expose you to lawsuits.
2025-01-27 07:21:22,535 INFO ULP: Checking license at path : null 
2025-01-27 07:21:22,535 ERROR ULP: License file is not readable or does not exists, you have setup:'C:\Program Files\Java\apache-jmeter-5.6.3\apache-jmeter-5.6.3\bin\null', check path references an existing license file and that user running jmeter can access this file, or check property 'ULP.gwt.licensepath' in <jmeter_home>/bin/user.properties is correctly defined
2025-01-27 07:21:22,536 ERROR o.a.j.v.ViewResultsFullVisualizer: Exception registering implementation: [com.ubikingenierie.jmeter.plugin.gwt.renderer.RenderAsGwtXmlExtractor] of interface: [interface org.apache.jmeter.visualizers.ResultRenderer], a dependency used by the plugin class is missing
java.lang.NoClassDefFoundError: License cannot be checked, license file is not readable or does not exists, you have setup:'C:\Program Files\Java\apache-jmeter-5.6.3\apache-jmeter-5.6.3\bin\null', check path references an existing license file and that user running jmeter can access this file or check property 'ULP.gwt.licensepath' in <jmeter_home>/bin/user.properties is correctly defined
	at com.ubikingenierie.jmeter.plugin.gwt.license.LM.g(LM.java:470) ~[ubik-jmeter-gwt-plugin-4.6.0.jar:4.6.0]
	at com.ubikingenierie.jmeter.plugin.gwt.renderer.RenderAsGwtXmlExtractor.<clinit>(RenderAsGwtXmlExtractor.java:66) ~[ubik-jmeter-gwt-plugin-4.6.0.jar:4.6.0]
	at java.base/jdk.internal.misc.Unsafe.ensureClassInitialized0(Native Method) ~[?:?]
	at java.base/jdk.internal.misc.Unsafe.ensureClassInitialized(Unsafe.java:1160) ~[?:?]
	at java.base/jdk.internal.reflect.MethodHandleAccessorFactory.ensureClassInitialized(MethodHandleAccessorFactory.java:300) ~[?:?]
	at java.base/jdk.internal.reflect.MethodHandleAccessorFactory.newConstructorAccessor(MethodHandleAccessorFactory.java:103) ~[?:?]
	at java.base/jdk.internal.reflect.ReflectionFactory.newConstructorAccessor(ReflectionFactory.java:200) ~[?:?]
	at java.base/java.lang.reflect.Constructor.acquireConstructorAccessor(Constructor.java:547) ~[?:?]
	at java.base/java.lang.reflect.Constructor.newInstanceWithCaller(Constructor.java:497) ~[?:?]
	at java.base/java.lang.reflect.Constructor.newInstance(Constructor.java:484) ~[?:?]
	at org.apache.jmeter.util.JMeterUtils.loadServicesAndScanJars(JMeterUtils.java:375) ~[ApacheJMeter_core.jar:5.6.3]
	at org.apache.jmeter.visualizers.ViewResultsFullVisualizer.createComboRender(ViewResultsFullVisualizer.java:464) ~[ApacheJMeter_components.jar:5.6.3]
	at org.apache.jmeter.visualizers.ViewResultsFullVisualizer.createLeftPanel(ViewResultsFullVisualizer.java:438) ~[ApacheJMeter_components.jar:5.6.3]
	at org.apache.jmeter.visualizers.ViewResultsFullVisualizer.init(ViewResultsFullVisualizer.java:349) ~[ApacheJMeter_components.jar:5.6.3]
	at org.apache.jmeter.visualizers.ViewResultsFullVisualizer.<init>(ViewResultsFullVisualizer.java:156) ~[ApacheJMeter_components.jar:5.6.3]
	at java.base/jdk.internal.reflect.DirectConstructorHandleAccessor.newInstance(DirectConstructorHandleAccessor.java:67) ~[?:?]
	at java.base/java.lang.reflect.Constructor.newInstanceWithCaller(Constructor.java:500) ~[?:?]
	at java.base/java.lang.reflect.Constructor.newInstance(Constructor.java:484) ~[?:?]
	at org.apache.jmeter.gui.GuiPackage.getGuiFromCache(GuiPackage.java:424) ~[ApacheJMeter_core.jar:5.6.3]
	at org.apache.jmeter.gui.GuiPackage.getGui(GuiPackage.java:267) ~[ApacheJMeter_core.jar:5.6.3]
	at org.apache.jmeter.gui.GuiPackage.getGui(GuiPackage.java:238) ~[ApacheJMeter_core.jar:5.6.3]
	at org.apache.jmeter.gui.tree.JMeterTreeModel.addComponent(JMeterTreeModel.java:160) ~[ApacheJMeter_core.jar:5.6.3]
	at org.apache.jmeter.gui.tree.JMeterTreeModel.addSubTree(JMeterTreeModel.java:131) ~[ApacheJMeter_core.jar:5.6.3]
	at org.apache.jmeter.gui.tree.JMeterTreeModel.addSubTree(JMeterTreeModel.java:131) ~[ApacheJMeter_core.jar:5.6.3]
	at org.apache.jmeter.gui.tree.JMeterTreeModel.addSubTree(JMeterTreeModel.java:131) ~[ApacheJMeter_core.jar:5.6.3]
	at org.apache.jmeter.gui.tree.JMeterTreeModel.addSubTree(JMeterTreeModel.java:123) ~[ApacheJMeter_core.jar:5.6.3]
	at org.apache.jmeter.gui.GuiPackage.addSubTree(GuiPackage.java:555) ~[ApacheJMeter_core.jar:5.6.3]
	at org.apache.jmeter.gui.action.Load.insertLoadedTree(Load.java:201) ~[ApacheJMeter_core.jar:5.6.3]
	at org.apache.jmeter.gui.action.Load.loadProjectFile(Load.java:132) ~[ApacheJMeter_core.jar:5.6.3]
	at org.apache.jmeter.gui.action.Load.loadProjectFile(Load.java:103) ~[ApacheJMeter_core.jar:5.6.3]
	at org.apache.jmeter.gui.action.LoadRecentProject.doActionAfterCheck(LoadRecentProject.java:74) ~[ApacheJMeter_core.jar:5.6.3]
	at org.apache.jmeter.gui.action.AbstractActionWithNoRunningTest.doAction(AbstractActionWithNoRunningTest.java:44) ~[ApacheJMeter_core.jar:5.6.3]
	at org.apache.jmeter.gui.action.ActionRouter.performAction(ActionRouter.java:83) ~[ApacheJMeter_core.jar:5.6.3]
	at org.apache.jmeter.gui.action.ActionRouter.lambda$actionPerformed$0(ActionRouter.java:65) ~[ApacheJMeter_core.jar:5.6.3]
	at java.desktop/java.awt.event.InvocationEvent.dispatch(InvocationEvent.java:318) ~[?:?]
	at java.desktop/java.awt.EventQueue.dispatchEventImpl(EventQueue.java:773) ~[?:?]
	at java.desktop/java.awt.EventQueue$4.run(EventQueue.java:720) ~[?:?]
	at java.desktop/java.awt.EventQueue$4.run(EventQueue.java:714) ~[?:?]
	at java.base/java.security.AccessController.doPrivileged(AccessController.java:400) [?:?]
	at java.base/java.security.ProtectionDomain$JavaSecurityAccessImpl.doIntersectionPrivilege(ProtectionDomain.java:87) [?:?]
	at java.desktop/java.awt.EventQueue.dispatchEvent(EventQueue.java:742) [?:?]
	at java.desktop/java.awt.EventDispatchThread.pumpOneEventForFilters(EventDispatchThread.java:203) [?:?]
	at java.desktop/java.awt.EventDispatchThread.pumpEventsForFilter(EventDispatchThread.java:124) [?:?]
	at java.desktop/java.awt.EventDispatchThread.pumpEventsForHierarchy(EventDispatchThread.java:113) [?:?]
	at java.desktop/java.awt.EventDispatchThread.pumpEvents(EventDispatchThread.java:109) [?:?]
	at java.desktop/java.awt.EventDispatchThread.pumpEvents(EventDispatchThread.java:101) [?:?]
	at java.desktop/java.awt.EventDispatchThread.run(EventDispatchThread.java:90) [?:?]
2025-01-27 07:21:22,571 INFO o.a.j.r.ClassFinder: Will scan jar C:\Program Files\Java\apache-jmeter-5.6.3\apache-jmeter-5.6.3\lib\ext\jmeter-formman-1.0.jar with filter ExtendsClassFilter [parents=[interface org.apache.jmeter.visualizers.RequestView], inner=false, contains=null, notContains=null]. Consider exposing JMeter plugins via META-INF/services, and add JMeter-Skip-Class-Scanning=true manifest attribute so JMeter can skip classfile scanning
2025-01-27 07:21:22,571 INFO o.a.j.r.ClassFinder: Will scan jar C:\Program Files\Java\apache-jmeter-5.6.3\apache-jmeter-5.6.3\lib\ext\jmeter-datadog-backend-listener-0.5.0.jar with filter ExtendsClassFilter [parents=[interface org.apache.jmeter.visualizers.RequestView], inner=false, contains=null, notContains=null]. Consider exposing JMeter plugins via META-INF/services, and add JMeter-Skip-Class-Scanning=true manifest attribute so JMeter can skip classfile scanning
2025-01-27 07:21:22,574 INFO o.a.j.r.ClassFinder: Will scan jar C:\Program Files\Java\apache-jmeter-5.6.3\apache-jmeter-5.6.3\lib\ext\jmeter-plugins-jmxmon-0.3.jar with filter ExtendsClassFilter [parents=[interface org.apache.jmeter.visualizers.RequestView], inner=false, contains=null, notContains=null]. Consider exposing JMeter plugins via META-INF/services, and add JMeter-Skip-Class-Scanning=true manifest attribute so JMeter can skip classfile scanning
2025-01-27 07:21:22,575 INFO o.a.j.r.ClassFinder: Will scan jar C:\Program Files\Java\apache-jmeter-5.6.3\apache-jmeter-5.6.3\lib\ext\jmeter-plugins-graphs-ggl-2.0.jar with filter ExtendsClassFilter [parents=[interface org.apache.jmeter.visualizers.RequestView], inner=false, contains=null, notContains=null]. Consider exposing JMeter plugins via META-INF/services, and add JMeter-Skip-Class-Scanning=true manifest attribute so JMeter can skip classfile scanning
2025-01-27 07:21:22,575 INFO o.a.j.r.ClassFinder: Will scan jar C:\Program Files\Java\apache-jmeter-5.6.3\apache-jmeter-5.6.3\lib\ext\jmeter.pack-listener-1.7.jar with filter ExtendsClassFilter [parents=[interface org.apache.jmeter.visualizers.RequestView], inner=false, contains=null, notContains=null]. Consider exposing JMeter plugins via META-INF/services, and add JMeter-Skip-Class-Scanning=true manifest attribute so JMeter can skip classfile scanning
2025-01-27 07:21:22,581 INFO o.a.j.r.ClassFinder: Will scan jar C:\Program Files\Java\apache-jmeter-5.6.3\apache-jmeter-5.6.3\lib\ext\jmeter-dynatrace-plugin-1.8.0.jar with filter ExtendsClassFilter [parents=[interface org.apache.jmeter.visualizers.RequestView], inner=false, contains=null, notContains=null]. Consider exposing JMeter plugins via META-INF/services, and add JMeter-Skip-Class-Scanning=true manifest attribute so JMeter can skip classfile scanning
2025-01-27 07:21:22,582 INFO o.a.j.r.ClassFinder: Will scan jar C:\Program Files\Java\apache-jmeter-5.6.3\apache-jmeter-5.6.3\lib\ext\jmeter-atakama-backend-1.5.0.jar with filter ExtendsClassFilter [parents=[interface org.apache.jmeter.visualizers.RequestView], inner=false, contains=null, notContains=null]. Consider exposing JMeter plugins via META-INF/services, and add JMeter-Skip-Class-Scanning=true manifest attribute so JMeter can skip classfile scanning
2025-01-27 07:21:22,582 INFO o.a.j.r.ClassFinder: Will scan jar C:\Program Files\Java\apache-jmeter-5.6.3\apache-jmeter-5.6.3\lib\ext\jmeter-plugins-manager-1.10.jar with filter ExtendsClassFilter [parents=[interface org.apache.jmeter.visualizers.RequestView], inner=false, contains=null, notContains=null]. Consider exposing JMeter plugins via META-INF/services, and add JMeter-Skip-Class-Scanning=true manifest attribute so JMeter can skip classfile scanning
2025-01-27 07:21:22,583 INFO o.a.j.r.ClassFinder: Will scan jar C:\Program Files\Java\apache-jmeter-5.6.3\apache-jmeter-5.6.3\lib\ext\otel-apm-jmeter-plugin-1.0-jar-with-dependencies.jar with filter ExtendsClassFilter [parents=[interface org.apache.jmeter.visualizers.RequestView], inner=false, contains=null, notContains=null]. Consider exposing JMeter plugins via META-INF/services, and add JMeter-Skip-Class-Scanning=true manifest attribute so JMeter can skip classfile scanning
2025-01-27 07:21:22,585 INFO o.a.j.r.ClassFinder: Will scan jar C:\Program Files\Java\apache-jmeter-5.6.3\apache-jmeter-5.6.3\lib\ext\jmeter-plugins-graphs-basic-2.0.jar with filter ExtendsClassFilter [parents=[interface org.apache.jmeter.visualizers.RequestView], inner=false, contains=null, notContains=null]. Consider exposing JMeter plugins via META-INF/services, and add JMeter-Skip-Class-Scanning=true manifest attribute so JMeter can skip classfile scanning
2025-01-27 07:21:22,585 INFO o.a.j.r.ClassFinder: Will scan jar C:\Program Files\Java\apache-jmeter-5.6.3\apache-jmeter-5.6.3\lib\ext\jmeter-plugins-rotating-listener-0.2.jar with filter ExtendsClassFilter [parents=[interface org.apache.jmeter.visualizers.RequestView], inner=false, contains=null, notContains=null]. Consider exposing JMeter plugins via META-INF/services, and add JMeter-Skip-Class-Scanning=true manifest attribute so JMeter can skip classfile scanning
2025-01-27 07:21:22,585 INFO o.a.j.r.ClassFinder: Will scan jar C:\Program Files\Java\apache-jmeter-5.6.3\apache-jmeter-5.6.3\lib\ext\jmeter-plugins-autostop-0.2.jar with filter ExtendsClassFilter [parents=[interface org.apache.jmeter.visualizers.RequestView], inner=false, contains=null, notContains=null]. Consider exposing JMeter plugins via META-INF/services, and add JMeter-Skip-Class-Scanning=true manifest attribute so JMeter can skip classfile scanning
2025-01-27 07:21:22,586 INFO o.a.j.r.ClassFinder: Will scan jar C:\Program Files\Java\apache-jmeter-5.6.3\apache-jmeter-5.6.3\lib\ext\ubik-jmeter-gwt-plugin-4.6.0.jar with filter ExtendsClassFilter [parents=[interface org.apache.jmeter.visualizers.RequestView], inner=false, contains=null, notContains=null]. Consider exposing JMeter plugins via META-INF/services, and add JMeter-Skip-Class-Scanning=true manifest attribute so JMeter can skip classfile scanning
2025-01-27 07:21:22,599 INFO o.a.j.r.ClassFinder: Will scan jar C:\Program Files\Java\apache-jmeter-5.6.3\apache-jmeter-5.6.3\lib\ext\jmeter-plugins-senseuploader-3.5.jar with filter ExtendsClassFilter [parents=[interface org.apache.jmeter.visualizers.RequestView], inner=false, contains=null, notContains=null]. Consider exposing JMeter plugins via META-INF/services, and add JMeter-Skip-Class-Scanning=true manifest attribute so JMeter can skip classfile scanning
2025-01-27 07:21:22,599 INFO o.a.j.r.ClassFinder: Will scan jar C:\Program Files\Java\apache-jmeter-5.6.3\apache-jmeter-5.6.3\lib\ext\jmeter.backendlistener.elasticsearch-2.7.1.jar with filter ExtendsClassFilter [parents=[interface org.apache.jmeter.visualizers.RequestView], inner=false, contains=null, notContains=null]. Consider exposing JMeter plugins via META-INF/services, and add JMeter-Skip-Class-Scanning=true manifest attribute so JMeter can skip classfile scanning
2025-01-27 07:21:22,608 INFO o.a.j.r.ClassFinder: Will scan jar C:\Program Files\Java\apache-jmeter-5.6.3\apache-jmeter-5.6.3\lib\ext\jmeter-plugins-table-server-5.0.jar with filter ExtendsClassFilter [parents=[interface org.apache.jmeter.visualizers.RequestView], inner=false, contains=null, notContains=null]. Consider exposing JMeter plugins via META-INF/services, and add JMeter-Skip-Class-Scanning=true manifest attribute so JMeter can skip classfile scanning
2025-01-27 07:21:22,609 INFO o.a.j.r.ClassFinder: Will scan jar C:\Program Files\Java\apache-jmeter-5.6.3\apache-jmeter-5.6.3\lib\ext\jmeter-plugins-httpraw-0.1.jar with filter ExtendsClassFilter [parents=[interface org.apache.jmeter.visualizers.RequestView], inner=false, contains=null, notContains=null]. Consider exposing JMeter plugins via META-INF/services, and add JMeter-Skip-Class-Scanning=true manifest attribute so JMeter can skip classfile scanning
2025-01-27 07:21:22,609 INFO o.a.j.r.ClassFinder: Will scan jar C:\Program Files\Java\apache-jmeter-5.6.3\apache-jmeter-5.6.3\lib\ext\jmeter.backendlistener.azure-0.2.9.jar with filter ExtendsClassFilter [parents=[interface org.apache.jmeter.visualizers.RequestView], inner=false, contains=null, notContains=null]. Consider exposing JMeter plugins via META-INF/services, and add JMeter-Skip-Class-Scanning=true manifest attribute so JMeter can skip classfile scanning
2025-01-27 07:21:22,620 INFO o.a.j.r.ClassFinder: Will scan jar C:\Program Files\Java\apache-jmeter-5.6.3\apache-jmeter-5.6.3\lib\ext\jmeter.backendlistener.kafka-1.0.0.jar with filter ExtendsClassFilter [parents=[interface org.apache.jmeter.visualizers.RequestView], inner=false, contains=null, notContains=null]. Consider exposing JMeter plugins via META-INF/services, and add JMeter-Skip-Class-Scanning=true manifest attribute so JMeter can skip classfile scanning
2025-01-27 07:21:22,628 INFO o.a.j.r.ClassFinder: Will scan jar C:\Program Files\Java\apache-jmeter-5.6.3\apache-jmeter-5.6.3\lib\ext\citrix-jmeter-0.7.7.jar with filter ExtendsClassFilter [parents=[interface org.apache.jmeter.visualizers.RequestView], inner=false, contains=null, notContains=null]. Consider exposing JMeter plugins via META-INF/services, and add JMeter-Skip-Class-Scanning=true manifest attribute so JMeter can skip classfile scanning
2025-01-27 07:21:22,632 INFO o.a.j.r.ClassFinder: Will scan jar C:\Program Files\Java\apache-jmeter-5.6.3\apache-jmeter-5.6.3\lib\ext\rapi-jmeter-plugins-1.0.2.jar with filter ExtendsClassFilter [parents=[interface org.apache.jmeter.visualizers.RequestView], inner=false, contains=null, notContains=null]. Consider exposing JMeter plugins via META-INF/services, and add JMeter-Skip-Class-Scanning=true manifest attribute so JMeter can skip classfile scanning
2025-01-27 07:21:22,633 INFO o.a.j.r.ClassFinder: Will scan jar C:\Program Files\Java\apache-jmeter-5.6.3\apache-jmeter-5.6.3\lib\ext\jmeter-plugins-casutg-2.10.jar with filter ExtendsClassFilter [parents=[interface org.apache.jmeter.visualizers.RequestView], inner=false, contains=null, notContains=null]. Consider exposing JMeter plugins via META-INF/services, and add JMeter-Skip-Class-Scanning=true manifest attribute so JMeter can skip classfile scanning
2025-01-27 07:21:22,633 INFO o.a.j.r.ClassFinder: Will scan jar C:\Program Files\Java\apache-jmeter-5.6.3\apache-jmeter-5.6.3\lib\ext\jmeter-plugins-dbmon-0.1.jar with filter ExtendsClassFilter [parents=[interface org.apache.jmeter.visualizers.RequestView], inner=false, contains=null, notContains=null]. Consider exposing JMeter plugins via META-INF/services, and add JMeter-Skip-Class-Scanning=true manifest attribute so JMeter can skip classfile scanning
2025-01-27 07:21:22,633 INFO o.a.j.r.ClassFinder: Will scan jar C:\Program Files\Java\apache-jmeter-5.6.3\apache-jmeter-5.6.3\lib\ext\jmeter-plugins-casutg-3.0.jar with filter ExtendsClassFilter [parents=[interface org.apache.jmeter.visualizers.RequestView], inner=false, contains=null, notContains=null]. Consider exposing JMeter plugins via META-INF/services, and add JMeter-Skip-Class-Scanning=true manifest attribute so JMeter can skip classfile scanning
2025-01-27 07:21:22,634 INFO o.a.j.r.ClassFinder: Will scan jar C:\Program Files\Java\apache-jmeter-5.6.3\apache-jmeter-5.6.3\lib\ext\jmeter-plugins-perfmon-2.1.jar with filter ExtendsClassFilter [parents=[interface org.apache.jmeter.visualizers.RequestView], inner=false, contains=null, notContains=null]. Consider exposing JMeter plugins via META-INF/services, and add JMeter-Skip-Class-Scanning=true manifest attribute so JMeter can skip classfile scanning
2025-01-27 07:21:22,634 INFO o.a.j.r.ClassFinder: Will scan jar C:\Program Files\Java\apache-jmeter-5.6.3\apache-jmeter-5.6.3\lib\ext\jmeter-prometheus-plugin-0.6.0.jar with filter ExtendsClassFilter [parents=[interface org.apache.jmeter.visualizers.RequestView], inner=false, contains=null, notContains=null]. Consider exposing JMeter plugins via META-INF/services, and add JMeter-Skip-Class-Scanning=true manifest attribute so JMeter can skip classfile scanning
2025-01-27 07:21:22,638 INFO o.a.j.r.ClassFinder: Will scan jar C:\Program Files\Java\apache-jmeter-5.6.3\apache-jmeter-5.6.3\lib\ext\ulp-observability-listener-1.1.0.jar with filter ExtendsClassFilter [parents=[interface org.apache.jmeter.visualizers.RequestView], inner=false, contains=null, notContains=null]. Consider exposing JMeter plugins via META-INF/services, and add JMeter-Skip-Class-Scanning=true manifest attribute so JMeter can skip classfile scanning
2025-01-27 07:21:22,638 INFO o.a.j.r.ClassFinder: Will scan jar C:\Program Files\Java\apache-jmeter-5.6.3\apache-jmeter-5.6.3\lib\ext\jmeter-plugins-graphs-additional-2.0.jar with filter ExtendsClassFilter [parents=[interface org.apache.jmeter.visualizers.RequestView], inner=false, contains=null, notContains=null]. Consider exposing JMeter plugins via META-INF/services, and add JMeter-Skip-Class-Scanning=true manifest attribute so JMeter can skip classfile scanning
2025-01-27 07:21:22,638 INFO o.a.j.r.ClassFinder: Will scan jar C:\Program Files\Java\apache-jmeter-5.6.3\apache-jmeter-5.6.3\lib\ext\elastic-apm-jmeter-plugin-2.0-jar-with-dependencies.jar with filter ExtendsClassFilter [parents=[interface org.apache.jmeter.visualizers.RequestView], inner=false, contains=null, notContains=null]. Consider exposing JMeter plugins via META-INF/services, and add JMeter-Skip-Class-Scanning=true manifest attribute so JMeter can skip classfile scanning
2025-01-27 07:21:22,638 INFO o.a.j.r.ClassFinder: Will scan jar C:\Program Files\Java\apache-jmeter-5.6.3\apache-jmeter-5.6.3\lib\ext\jmeter-plugins-cmd-2.2.jar with filter ExtendsClassFilter [parents=[interface org.apache.jmeter.visualizers.RequestView], inner=false, contains=null, notContains=null]. Consider exposing JMeter plugins via META-INF/services, and add JMeter-Skip-Class-Scanning=true manifest attribute so JMeter can skip classfile scanning
2025-01-27 07:21:22,639 INFO o.a.j.r.ClassFinder: Will scan jar C:\Program Files\Java\apache-jmeter-5.6.3\apache-jmeter-5.6.3\lib\ext\jmeter-plugins-csl-0.1.jar with filter ExtendsClassFilter [parents=[interface org.apache.jmeter.visualizers.RequestView], inner=false, contains=null, notContains=null]. Consider exposing JMeter plugins via META-INF/services, and add JMeter-Skip-Class-Scanning=true manifest attribute so JMeter can skip classfile scanning
2025-01-27 07:21:22,639 WARN ULP: This plugin is the sole property of SAS UBIK-INGENIERIE and subject to licensing, using it without explicit company authorization will expose you to lawsuits.
2025-01-27 07:21:22,639 INFO ULP: Checking license at path : null 
2025-01-27 07:21:22,639 ERROR ULP: License file is not readable or does not exists, you have setup:'C:\Program Files\Java\apache-jmeter-5.6.3\apache-jmeter-5.6.3\bin\null', check path references an existing license file and that user running jmeter can access this file, or check property 'ULP.gwt.licensepath' in <jmeter_home>/bin/user.properties is correctly defined
2025-01-27 07:21:22,640 ERROR o.a.j.v.RequestPanel: Exception registering implementation: [com.ubikingenierie.jmeter.plugin.gwt.view.RequestViewAsGwtRPCRaw] of interface: [interface org.apache.jmeter.visualizers.RequestView], a dependency used by the plugin class is missing
java.lang.NoClassDefFoundError: License cannot be checked, license file is not readable or does not exists, you have setup:'C:\Program Files\Java\apache-jmeter-5.6.3\apache-jmeter-5.6.3\bin\null', check path references an existing license file and that user running jmeter can access this file or check property 'ULP.gwt.licensepath' in <jmeter_home>/bin/user.properties is correctly defined
	at com.ubikingenierie.jmeter.plugin.gwt.license.LM.g(LM.java:470) ~[ubik-jmeter-gwt-plugin-4.6.0.jar:4.6.0]
	at com.ubikingenierie.jmeter.plugin.gwt.view.RequestViewAsGwtRPCRaw.<clinit>(RequestViewAsGwtRPCRaw.java:49) ~[ubik-jmeter-gwt-plugin-4.6.0.jar:4.6.0]
	at java.base/jdk.internal.misc.Unsafe.ensureClassInitialized0(Native Method) ~[?:?]
	at java.base/jdk.internal.misc.Unsafe.ensureClassInitialized(Unsafe.java:1160) ~[?:?]
	at java.base/jdk.internal.reflect.MethodHandleAccessorFactory.ensureClassInitialized(MethodHandleAccessorFactory.java:300) ~[?:?]
	at java.base/jdk.internal.reflect.MethodHandleAccessorFactory.newConstructorAccessor(MethodHandleAccessorFactory.java:103) ~[?:?]
	at java.base/jdk.internal.reflect.ReflectionFactory.newConstructorAccessor(ReflectionFactory.java:200) ~[?:?]
	at java.base/java.lang.reflect.Constructor.acquireConstructorAccessor(Constructor.java:547) ~[?:?]
	at java.base/java.lang.reflect.Constructor.newInstanceWithCaller(Constructor.java:497) ~[?:?]
	at java.base/java.lang.reflect.Constructor.newInstance(Constructor.java:484) ~[?:?]
	at org.apache.jmeter.util.JMeterUtils.loadServicesAndScanJars(JMeterUtils.java:375) ~[ApacheJMeter_core.jar:5.6.3]
	at org.apache.jmeter.visualizers.RequestPanel.<init>(RequestPanel.java:56) ~[ApacheJMeter_components.jar:5.6.3]
	at org.apache.jmeter.visualizers.SamplerResultTab.init(SamplerResultTab.java:241) ~[ApacheJMeter_components.jar:5.6.3]
	at org.apache.jmeter.visualizers.ViewResultsFullVisualizer.init(ViewResultsFullVisualizer.java:367) ~[ApacheJMeter_components.jar:5.6.3]
	at org.apache.jmeter.visualizers.ViewResultsFullVisualizer.<init>(ViewResultsFullVisualizer.java:156) ~[ApacheJMeter_components.jar:5.6.3]
	at java.base/jdk.internal.reflect.DirectConstructorHandleAccessor.newInstance(DirectConstructorHandleAccessor.java:67) ~[?:?]
	at java.base/java.lang.reflect.Constructor.newInstanceWithCaller(Constructor.java:500) ~[?:?]
	at java.base/java.lang.reflect.Constructor.newInstance(Constructor.java:484) ~[?:?]
	at org.apache.jmeter.gui.GuiPackage.getGuiFromCache(GuiPackage.java:424) ~[ApacheJMeter_core.jar:5.6.3]
	at org.apache.jmeter.gui.GuiPackage.getGui(GuiPackage.java:267) ~[ApacheJMeter_core.jar:5.6.3]
	at org.apache.jmeter.gui.GuiPackage.getGui(GuiPackage.java:238) ~[ApacheJMeter_core.jar:5.6.3]
	at org.apache.jmeter.gui.tree.JMeterTreeModel.addComponent(JMeterTreeModel.java:160) ~[ApacheJMeter_core.jar:5.6.3]
	at org.apache.jmeter.gui.tree.JMeterTreeModel.addSubTree(JMeterTreeModel.java:131) ~[ApacheJMeter_core.jar:5.6.3]
	at org.apache.jmeter.gui.tree.JMeterTreeModel.addSubTree(JMeterTreeModel.java:131) ~[ApacheJMeter_core.jar:5.6.3]
	at org.apache.jmeter.gui.tree.JMeterTreeModel.addSubTree(JMeterTreeModel.java:131) ~[ApacheJMeter_core.jar:5.6.3]
	at org.apache.jmeter.gui.tree.JMeterTreeModel.addSubTree(JMeterTreeModel.java:123) ~[ApacheJMeter_core.jar:5.6.3]
	at org.apache.jmeter.gui.GuiPackage.addSubTree(GuiPackage.java:555) ~[ApacheJMeter_core.jar:5.6.3]
	at org.apache.jmeter.gui.action.Load.insertLoadedTree(Load.java:201) ~[ApacheJMeter_core.jar:5.6.3]
	at org.apache.jmeter.gui.action.Load.loadProjectFile(Load.java:132) ~[ApacheJMeter_core.jar:5.6.3]
	at org.apache.jmeter.gui.action.Load.loadProjectFile(Load.java:103) ~[ApacheJMeter_core.jar:5.6.3]
	at org.apache.jmeter.gui.action.LoadRecentProject.doActionAfterCheck(LoadRecentProject.java:74) ~[ApacheJMeter_core.jar:5.6.3]
	at org.apache.jmeter.gui.action.AbstractActionWithNoRunningTest.doAction(AbstractActionWithNoRunningTest.java:44) ~[ApacheJMeter_core.jar:5.6.3]
	at org.apache.jmeter.gui.action.ActionRouter.performAction(ActionRouter.java:83) ~[ApacheJMeter_core.jar:5.6.3]
	at org.apache.jmeter.gui.action.ActionRouter.lambda$actionPerformed$0(ActionRouter.java:65) ~[ApacheJMeter_core.jar:5.6.3]
	at java.desktop/java.awt.event.InvocationEvent.dispatch(InvocationEvent.java:318) ~[?:?]
	at java.desktop/java.awt.EventQueue.dispatchEventImpl(EventQueue.java:773) ~[?:?]
	at java.desktop/java.awt.EventQueue$4.run(EventQueue.java:720) ~[?:?]
	at java.desktop/java.awt.EventQueue$4.run(EventQueue.java:714) ~[?:?]
	at java.base/java.security.AccessController.doPrivileged(AccessController.java:400) [?:?]
	at java.base/java.security.ProtectionDomain$JavaSecurityAccessImpl.doIntersectionPrivilege(ProtectionDomain.java:87) [?:?]
	at java.desktop/java.awt.EventQueue.dispatchEvent(EventQueue.java:742) [?:?]
	at java.desktop/java.awt.EventDispatchThread.pumpOneEventForFilters(EventDispatchThread.java:203) [?:?]
	at java.desktop/java.awt.EventDispatchThread.pumpEventsForFilter(EventDispatchThread.java:124) [?:?]
	at java.desktop/java.awt.EventDispatchThread.pumpEventsForHierarchy(EventDispatchThread.java:113) [?:?]
	at java.desktop/java.awt.EventDispatchThread.pumpEvents(EventDispatchThread.java:109) [?:?]
	at java.desktop/java.awt.EventDispatchThread.pumpEvents(EventDispatchThread.java:101) [?:?]
	at java.desktop/java.awt.EventDispatchThread.run(EventDispatchThread.java:90) [?:?]
2025-01-27 07:21:22,724 INFO o.a.j.r.ClassFinder: Will scan jar C:\Program Files\Java\apache-jmeter-5.6.3\apache-jmeter-5.6.3\lib\ext\jmeter-formman-1.0.jar with filter ExtendsClassFilter [parents=[interface org.apache.jmeter.visualizers.ResultRenderer], inner=false, contains=null, notContains=null]. Consider exposing JMeter plugins via META-INF/services, and add JMeter-Skip-Class-Scanning=true manifest attribute so JMeter can skip classfile scanning
2025-01-27 07:21:22,725 INFO o.a.j.r.ClassFinder: Will scan jar C:\Program Files\Java\apache-jmeter-5.6.3\apache-jmeter-5.6.3\lib\ext\jmeter-datadog-backend-listener-0.5.0.jar with filter ExtendsClassFilter [parents=[interface org.apache.jmeter.visualizers.ResultRenderer], inner=false, contains=null, notContains=null]. Consider exposing JMeter plugins via META-INF/services, and add JMeter-Skip-Class-Scanning=true manifest attribute so JMeter can skip classfile scanning
2025-01-27 07:21:22,727 INFO o.a.j.r.ClassFinder: Will scan jar C:\Program Files\Java\apache-jmeter-5.6.3\apache-jmeter-5.6.3\lib\ext\jmeter-plugins-jmxmon-0.3.jar with filter ExtendsClassFilter [parents=[interface org.apache.jmeter.visualizers.ResultRenderer], inner=false, contains=null, notContains=null]. Consider exposing JMeter plugins via META-INF/services, and add JMeter-Skip-Class-Scanning=true manifest attribute so JMeter can skip classfile scanning
2025-01-27 07:21:22,727 INFO o.a.j.r.ClassFinder: Will scan jar C:\Program Files\Java\apache-jmeter-5.6.3\apache-jmeter-5.6.3\lib\ext\jmeter-plugins-graphs-ggl-2.0.jar with filter ExtendsClassFilter [parents=[interface org.apache.jmeter.visualizers.ResultRenderer], inner=false, contains=null, notContains=null]. Consider exposing JMeter plugins via META-INF/services, and add JMeter-Skip-Class-Scanning=true manifest attribute so JMeter can skip classfile scanning
2025-01-27 07:21:22,727 INFO o.a.j.r.ClassFinder: Will scan jar C:\Program Files\Java\apache-jmeter-5.6.3\apache-jmeter-5.6.3\lib\ext\jmeter.pack-listener-1.7.jar with filter ExtendsClassFilter [parents=[interface org.apache.jmeter.visualizers.ResultRenderer], inner=false, contains=null, notContains=null]. Consider exposing JMeter plugins via META-INF/services, and add JMeter-Skip-Class-Scanning=true manifest attribute so JMeter can skip classfile scanning
2025-01-27 07:21:22,732 INFO o.a.j.r.ClassFinder: Will scan jar C:\Program Files\Java\apache-jmeter-5.6.3\apache-jmeter-5.6.3\lib\ext\jmeter-dynatrace-plugin-1.8.0.jar with filter ExtendsClassFilter [parents=[interface org.apache.jmeter.visualizers.ResultRenderer], inner=false, contains=null, notContains=null]. Consider exposing JMeter plugins via META-INF/services, and add JMeter-Skip-Class-Scanning=true manifest attribute so JMeter can skip classfile scanning
2025-01-27 07:21:22,732 INFO o.a.j.r.ClassFinder: Will scan jar C:\Program Files\Java\apache-jmeter-5.6.3\apache-jmeter-5.6.3\lib\ext\jmeter-atakama-backend-1.5.0.jar with filter ExtendsClassFilter [parents=[interface org.apache.jmeter.visualizers.ResultRenderer], inner=false, contains=null, notContains=null]. Consider exposing JMeter plugins via META-INF/services, and add JMeter-Skip-Class-Scanning=true manifest attribute so JMeter can skip classfile scanning
2025-01-27 07:21:22,732 INFO o.a.j.r.ClassFinder: Will scan jar C:\Program Files\Java\apache-jmeter-5.6.3\apache-jmeter-5.6.3\lib\ext\jmeter-plugins-manager-1.10.jar with filter ExtendsClassFilter [parents=[interface org.apache.jmeter.visualizers.ResultRenderer], inner=false, contains=null, notContains=null]. Consider exposing JMeter plugins via META-INF/services, and add JMeter-Skip-Class-Scanning=true manifest attribute so JMeter can skip classfile scanning
2025-01-27 07:21:22,733 INFO o.a.j.r.ClassFinder: Will scan jar C:\Program Files\Java\apache-jmeter-5.6.3\apache-jmeter-5.6.3\lib\ext\otel-apm-jmeter-plugin-1.0-jar-with-dependencies.jar with filter ExtendsClassFilter [parents=[interface org.apache.jmeter.visualizers.ResultRenderer], inner=false, contains=null, notContains=null]. Consider exposing JMeter plugins via META-INF/services, and add JMeter-Skip-Class-Scanning=true manifest attribute so JMeter can skip classfile scanning
2025-01-27 07:21:22,734 INFO o.a.j.r.ClassFinder: Will scan jar C:\Program Files\Java\apache-jmeter-5.6.3\apache-jmeter-5.6.3\lib\ext\jmeter-plugins-graphs-basic-2.0.jar with filter ExtendsClassFilter [parents=[interface org.apache.jmeter.visualizers.ResultRenderer], inner=false, contains=null, notContains=null]. Consider exposing JMeter plugins via META-INF/services, and add JMeter-Skip-Class-Scanning=true manifest attribute so JMeter can skip classfile scanning
2025-01-27 07:21:22,735 INFO o.a.j.r.ClassFinder: Will scan jar C:\Program Files\Java\apache-jmeter-5.6.3\apache-jmeter-5.6.3\lib\ext\jmeter-plugins-rotating-listener-0.2.jar with filter ExtendsClassFilter [parents=[interface org.apache.jmeter.visualizers.ResultRenderer], inner=false, contains=null, notContains=null]. Consider exposing JMeter plugins via META-INF/services, and add JMeter-Skip-Class-Scanning=true manifest attribute so JMeter can skip classfile scanning
2025-01-27 07:21:22,735 INFO o.a.j.r.ClassFinder: Will scan jar C:\Program Files\Java\apache-jmeter-5.6.3\apache-jmeter-5.6.3\lib\ext\jmeter-plugins-autostop-0.2.jar with filter ExtendsClassFilter [parents=[interface org.apache.jmeter.visualizers.ResultRenderer], inner=false, contains=null, notContains=null]. Consider exposing JMeter plugins via META-INF/services, and add JMeter-Skip-Class-Scanning=true manifest attribute so JMeter can skip classfile scanning
2025-01-27 07:21:22,735 INFO o.a.j.r.ClassFinder: Will scan jar C:\Program Files\Java\apache-jmeter-5.6.3\apache-jmeter-5.6.3\lib\ext\ubik-jmeter-gwt-plugin-4.6.0.jar with filter ExtendsClassFilter [parents=[interface org.apache.jmeter.visualizers.ResultRenderer], inner=false, contains=null, notContains=null]. Consider exposing JMeter plugins via META-INF/services, and add JMeter-Skip-Class-Scanning=true manifest attribute so JMeter can skip classfile scanning
2025-01-27 07:21:22,741 INFO o.a.j.r.ClassFinder: Will scan jar C:\Program Files\Java\apache-jmeter-5.6.3\apache-jmeter-5.6.3\lib\ext\jmeter-plugins-senseuploader-3.5.jar with filter ExtendsClassFilter [parents=[interface org.apache.jmeter.visualizers.ResultRenderer], inner=false, contains=null, notContains=null]. Consider exposing JMeter plugins via META-INF/services, and add JMeter-Skip-Class-Scanning=true manifest attribute so JMeter can skip classfile scanning
2025-01-27 07:21:22,741 INFO o.a.j.r.ClassFinder: Will scan jar C:\Program Files\Java\apache-jmeter-5.6.3\apache-jmeter-5.6.3\lib\ext\jmeter.backendlistener.elasticsearch-2.7.1.jar with filter ExtendsClassFilter [parents=[interface org.apache.jmeter.visualizers.ResultRenderer], inner=false, contains=null, notContains=null]. Consider exposing JMeter plugins via META-INF/services, and add JMeter-Skip-Class-Scanning=true manifest attribute so JMeter can skip classfile scanning
2025-01-27 07:21:22,748 INFO o.a.j.r.ClassFinder: Will scan jar C:\Program Files\Java\apache-jmeter-5.6.3\apache-jmeter-5.6.3\lib\ext\jmeter-plugins-table-server-5.0.jar with filter ExtendsClassFilter [parents=[interface org.apache.jmeter.visualizers.ResultRenderer], inner=false, contains=null, notContains=null]. Consider exposing JMeter plugins via META-INF/services, and add JMeter-Skip-Class-Scanning=true manifest attribute so JMeter can skip classfile scanning
2025-01-27 07:21:22,749 INFO o.a.j.r.ClassFinder: Will scan jar C:\Program Files\Java\apache-jmeter-5.6.3\apache-jmeter-5.6.3\lib\ext\jmeter-plugins-httpraw-0.1.jar with filter ExtendsClassFilter [parents=[interface org.apache.jmeter.visualizers.ResultRenderer], inner=false, contains=null, notContains=null]. Consider exposing JMeter plugins via META-INF/services, and add JMeter-Skip-Class-Scanning=true manifest attribute so JMeter can skip classfile scanning
2025-01-27 07:21:22,749 INFO o.a.j.r.ClassFinder: Will scan jar C:\Program Files\Java\apache-jmeter-5.6.3\apache-jmeter-5.6.3\lib\ext\jmeter.backendlistener.azure-0.2.9.jar with filter ExtendsClassFilter [parents=[interface org.apache.jmeter.visualizers.ResultRenderer], inner=false, contains=null, notContains=null]. Consider exposing JMeter plugins via META-INF/services, and add JMeter-Skip-Class-Scanning=true manifest attribute so JMeter can skip classfile scanning
2025-01-27 07:21:22,755 INFO o.a.j.r.ClassFinder: Will scan jar C:\Program Files\Java\apache-jmeter-5.6.3\apache-jmeter-5.6.3\lib\ext\jmeter.backendlistener.kafka-1.0.0.jar with filter ExtendsClassFilter [parents=[interface org.apache.jmeter.visualizers.ResultRenderer], inner=false, contains=null, notContains=null]. Consider exposing JMeter plugins via META-INF/services, and add JMeter-Skip-Class-Scanning=true manifest attribute so JMeter can skip classfile scanning
2025-01-27 07:21:22,760 INFO o.a.j.r.ClassFinder: Will scan jar C:\Program Files\Java\apache-jmeter-5.6.3\apache-jmeter-5.6.3\lib\ext\citrix-jmeter-0.7.7.jar with filter ExtendsClassFilter [parents=[interface org.apache.jmeter.visualizers.ResultRenderer], inner=false, contains=null, notContains=null]. Consider exposing JMeter plugins via META-INF/services, and add JMeter-Skip-Class-Scanning=true manifest attribute so JMeter can skip classfile scanning
2025-01-27 07:21:22,764 INFO o.a.j.r.ClassFinder: Will scan jar C:\Program Files\Java\apache-jmeter-5.6.3\apache-jmeter-5.6.3\lib\ext\rapi-jmeter-plugins-1.0.2.jar with filter ExtendsClassFilter [parents=[interface org.apache.jmeter.visualizers.ResultRenderer], inner=false, contains=null, notContains=null]. Consider exposing JMeter plugins via META-INF/services, and add JMeter-Skip-Class-Scanning=true manifest attribute so JMeter can skip classfile scanning
2025-01-27 07:21:22,764 INFO o.a.j.r.ClassFinder: Will scan jar C:\Program Files\Java\apache-jmeter-5.6.3\apache-jmeter-5.6.3\lib\ext\jmeter-plugins-casutg-2.10.jar with filter ExtendsClassFilter [parents=[interface org.apache.jmeter.visualizers.ResultRenderer], inner=false, contains=null, notContains=null]. Consider exposing JMeter plugins via META-INF/services, and add JMeter-Skip-Class-Scanning=true manifest attribute so JMeter can skip classfile scanning
2025-01-27 07:21:22,765 INFO o.a.j.r.ClassFinder: Will scan jar C:\Program Files\Java\apache-jmeter-5.6.3\apache-jmeter-5.6.3\lib\ext\jmeter-plugins-dbmon-0.1.jar with filter ExtendsClassFilter [parents=[interface org.apache.jmeter.visualizers.ResultRenderer], inner=false, contains=null, notContains=null]. Consider exposing JMeter plugins via META-INF/services, and add JMeter-Skip-Class-Scanning=true manifest attribute so JMeter can skip classfile scanning
2025-01-27 07:21:22,765 INFO o.a.j.r.ClassFinder: Will scan jar C:\Program Files\Java\apache-jmeter-5.6.3\apache-jmeter-5.6.3\lib\ext\jmeter-plugins-casutg-3.0.jar with filter ExtendsClassFilter [parents=[interface org.apache.jmeter.visualizers.ResultRenderer], inner=false, contains=null, notContains=null]. Consider exposing JMeter plugins via META-INF/services, and add JMeter-Skip-Class-Scanning=true manifest attribute so JMeter can skip classfile scanning
2025-01-27 07:21:22,765 INFO o.a.j.r.ClassFinder: Will scan jar C:\Program Files\Java\apache-jmeter-5.6.3\apache-jmeter-5.6.3\lib\ext\jmeter-plugins-perfmon-2.1.jar with filter ExtendsClassFilter [parents=[interface org.apache.jmeter.visualizers.ResultRenderer], inner=false, contains=null, notContains=null]. Consider exposing JMeter plugins via META-INF/services, and add JMeter-Skip-Class-Scanning=true manifest attribute so JMeter can skip classfile scanning
2025-01-27 07:21:22,765 INFO o.a.j.r.ClassFinder: Will scan jar C:\Program Files\Java\apache-jmeter-5.6.3\apache-jmeter-5.6.3\lib\ext\jmeter-prometheus-plugin-0.6.0.jar with filter ExtendsClassFilter [parents=[interface org.apache.jmeter.visualizers.ResultRenderer], inner=false, contains=null, notContains=null]. Consider exposing JMeter plugins via META-INF/services, and add JMeter-Skip-Class-Scanning=true manifest attribute so JMeter can skip classfile scanning
2025-01-27 07:21:22,771 INFO o.a.j.r.ClassFinder: Will scan jar C:\Program Files\Java\apache-jmeter-5.6.3\apache-jmeter-5.6.3\lib\ext\ulp-observability-listener-1.1.0.jar with filter ExtendsClassFilter [parents=[interface org.apache.jmeter.visualizers.ResultRenderer], inner=false, contains=null, notContains=null]. Consider exposing JMeter plugins via META-INF/services, and add JMeter-Skip-Class-Scanning=true manifest attribute so JMeter can skip classfile scanning
2025-01-27 07:21:22,771 INFO o.a.j.r.ClassFinder: Will scan jar C:\Program Files\Java\apache-jmeter-5.6.3\apache-jmeter-5.6.3\lib\ext\jmeter-plugins-graphs-additional-2.0.jar with filter ExtendsClassFilter [parents=[interface org.apache.jmeter.visualizers.ResultRenderer], inner=false, contains=null, notContains=null]. Consider exposing JMeter plugins via META-INF/services, and add JMeter-Skip-Class-Scanning=true manifest attribute so JMeter can skip classfile scanning
2025-01-27 07:21:22,772 INFO o.a.j.r.ClassFinder: Will scan jar C:\Program Files\Java\apache-jmeter-5.6.3\apache-jmeter-5.6.3\lib\ext\elastic-apm-jmeter-plugin-2.0-jar-with-dependencies.jar with filter ExtendsClassFilter [parents=[interface org.apache.jmeter.visualizers.ResultRenderer], inner=false, contains=null, notContains=null]. Consider exposing JMeter plugins via META-INF/services, and add JMeter-Skip-Class-Scanning=true manifest attribute so JMeter can skip classfile scanning
2025-01-27 07:21:22,772 INFO o.a.j.r.ClassFinder: Will scan jar C:\Program Files\Java\apache-jmeter-5.6.3\apache-jmeter-5.6.3\lib\ext\jmeter-plugins-cmd-2.2.jar with filter ExtendsClassFilter [parents=[interface org.apache.jmeter.visualizers.ResultRenderer], inner=false, contains=null, notContains=null]. Consider exposing JMeter plugins via META-INF/services, and add JMeter-Skip-Class-Scanning=true manifest attribute so JMeter can skip classfile scanning
2025-01-27 07:21:22,772 INFO o.a.j.r.ClassFinder: Will scan jar C:\Program Files\Java\apache-jmeter-5.6.3\apache-jmeter-5.6.3\lib\ext\jmeter-plugins-csl-0.1.jar with filter ExtendsClassFilter [parents=[interface org.apache.jmeter.visualizers.ResultRenderer], inner=false, contains=null, notContains=null]. Consider exposing JMeter plugins via META-INF/services, and add JMeter-Skip-Class-Scanning=true manifest attribute so JMeter can skip classfile scanning
2025-01-27 07:21:22,772 ERROR o.a.j.v.ViewResultsFullVisualizer: Exception registering implementation: [com.ubikingenierie.jmeter.plugin.gwt.renderer.RenderAsGwtRPCResponse] of interface: [interface org.apache.jmeter.visualizers.ResultRenderer], a dependency used by the plugin class is missing
java.lang.NoClassDefFoundError: Could not initialize class com.ubikingenierie.jmeter.plugin.gwt.renderer.RenderAsGwtRPCResponse
	at java.base/jdk.internal.misc.Unsafe.ensureClassInitialized0(Native Method) ~[?:?]
	at java.base/jdk.internal.misc.Unsafe.ensureClassInitialized(Unsafe.java:1160) ~[?:?]
	at java.base/jdk.internal.reflect.MethodHandleAccessorFactory.ensureClassInitialized(MethodHandleAccessorFactory.java:300) ~[?:?]
	at java.base/jdk.internal.reflect.MethodHandleAccessorFactory.newConstructorAccessor(MethodHandleAccessorFactory.java:103) ~[?:?]
	at java.base/jdk.internal.reflect.ReflectionFactory.newConstructorAccessor(ReflectionFactory.java:200) ~[?:?]
	at java.base/java.lang.reflect.Constructor.acquireConstructorAccessor(Constructor.java:547) ~[?:?]
	at java.base/java.lang.reflect.Constructor.newInstanceWithCaller(Constructor.java:497) ~[?:?]
	at java.base/java.lang.reflect.Constructor.newInstance(Constructor.java:484) ~[?:?]
	at org.apache.jmeter.util.JMeterUtils.loadServicesAndScanJars(JMeterUtils.java:375) ~[ApacheJMeter_core.jar:5.6.3]
	at org.apache.jmeter.visualizers.ViewResultsFullVisualizer.createComboRender(ViewResultsFullVisualizer.java:464) ~[ApacheJMeter_components.jar:5.6.3]
	at org.apache.jmeter.visualizers.ViewResultsFullVisualizer.createLeftPanel(ViewResultsFullVisualizer.java:438) ~[ApacheJMeter_components.jar:5.6.3]
	at org.apache.jmeter.visualizers.ViewResultsFullVisualizer.init(ViewResultsFullVisualizer.java:349) ~[ApacheJMeter_components.jar:5.6.3]
	at org.apache.jmeter.visualizers.ViewResultsFullVisualizer.<init>(ViewResultsFullVisualizer.java:156) ~[ApacheJMeter_components.jar:5.6.3]
	at java.base/jdk.internal.reflect.DirectConstructorHandleAccessor.newInstance(DirectConstructorHandleAccessor.java:67) ~[?:?]
	at java.base/java.lang.reflect.Constructor.newInstanceWithCaller(Constructor.java:500) ~[?:?]
	at java.base/java.lang.reflect.Constructor.newInstance(Constructor.java:484) ~[?:?]
	at org.apache.jmeter.gui.GuiPackage.getGuiFromCache(GuiPackage.java:424) ~[ApacheJMeter_core.jar:5.6.3]
	at org.apache.jmeter.gui.GuiPackage.getGui(GuiPackage.java:267) ~[ApacheJMeter_core.jar:5.6.3]
	at org.apache.jmeter.gui.GuiPackage.getGui(GuiPackage.java:238) ~[ApacheJMeter_core.jar:5.6.3]
	at org.apache.jmeter.gui.tree.JMeterTreeModel.addComponent(JMeterTreeModel.java:160) ~[ApacheJMeter_core.jar:5.6.3]
	at org.apache.jmeter.gui.tree.JMeterTreeModel.addSubTree(JMeterTreeModel.java:131) ~[ApacheJMeter_core.jar:5.6.3]
	at org.apache.jmeter.gui.tree.JMeterTreeModel.addSubTree(JMeterTreeModel.java:123) ~[ApacheJMeter_core.jar:5.6.3]
	at org.apache.jmeter.gui.GuiPackage.addSubTree(GuiPackage.java:555) ~[ApacheJMeter_core.jar:5.6.3]
	at org.apache.jmeter.gui.action.Load.insertLoadedTree(Load.java:201) ~[ApacheJMeter_core.jar:5.6.3]
	at org.apache.jmeter.gui.action.Load.loadProjectFile(Load.java:132) ~[ApacheJMeter_core.jar:5.6.3]
	at org.apache.jmeter.gui.action.Load.loadProjectFile(Load.java:103) ~[ApacheJMeter_core.jar:5.6.3]
	at org.apache.jmeter.gui.action.LoadRecentProject.doActionAfterCheck(LoadRecentProject.java:74) ~[ApacheJMeter_core.jar:5.6.3]
	at org.apache.jmeter.gui.action.AbstractActionWithNoRunningTest.doAction(AbstractActionWithNoRunningTest.java:44) ~[ApacheJMeter_core.jar:5.6.3]
	at org.apache.jmeter.gui.action.ActionRouter.performAction(ActionRouter.java:83) ~[ApacheJMeter_core.jar:5.6.3]
	at org.apache.jmeter.gui.action.ActionRouter.lambda$actionPerformed$0(ActionRouter.java:65) ~[ApacheJMeter_core.jar:5.6.3]
	at java.desktop/java.awt.event.InvocationEvent.dispatch(InvocationEvent.java:318) ~[?:?]
	at java.desktop/java.awt.EventQueue.dispatchEventImpl(EventQueue.java:773) ~[?:?]
	at java.desktop/java.awt.EventQueue$4.run(EventQueue.java:720) ~[?:?]
	at java.desktop/java.awt.EventQueue$4.run(EventQueue.java:714) ~[?:?]
	at java.base/java.security.AccessController.doPrivileged(AccessController.java:400) [?:?]
	at java.base/java.security.ProtectionDomain$JavaSecurityAccessImpl.doIntersectionPrivilege(ProtectionDomain.java:87) [?:?]
	at java.desktop/java.awt.EventQueue.dispatchEvent(EventQueue.java:742) [?:?]
	at java.desktop/java.awt.EventDispatchThread.pumpOneEventForFilters(EventDispatchThread.java:203) [?:?]
	at java.desktop/java.awt.EventDispatchThread.pumpEventsForFilter(EventDispatchThread.java:124) [?:?]
	at java.desktop/java.awt.EventDispatchThread.pumpEventsForHierarchy(EventDispatchThread.java:113) [?:?]
	at java.desktop/java.awt.EventDispatchThread.pumpEvents(EventDispatchThread.java:109) [?:?]
	at java.desktop/java.awt.EventDispatchThread.pumpEvents(EventDispatchThread.java:101) [?:?]
	at java.desktop/java.awt.EventDispatchThread.run(EventDispatchThread.java:90) [?:?]
Caused by: java.lang.ExceptionInInitializerError: Exception java.lang.NoClassDefFoundError: License cannot be checked, license file is not readable or does not exists, you have setup:'C:\Program Files\Java\apache-jmeter-5.6.3\apache-jmeter-5.6.3\bin\null', check path references an existing license file and that user running jmeter can access this file or check property 'ULP.gwt.licensepath' in <jmeter_home>/bin/user.properties is correctly defined [in thread "AWT-EventQueue-0"]
	at com.ubikingenierie.jmeter.plugin.gwt.license.LM.g(LM.java:470) ~[ubik-jmeter-gwt-plugin-4.6.0.jar:4.6.0]
	at com.ubikingenierie.jmeter.plugin.gwt.renderer.RenderAsGwtRPCResponse.<clinit>(RenderAsGwtRPCResponse.java:27) ~[ubik-jmeter-gwt-plugin-4.6.0.jar:4.6.0]
	at java.base/jdk.internal.misc.Unsafe.ensureClassInitialized0(Native Method) ~[?:?]
	at java.base/jdk.internal.misc.Unsafe.ensureClassInitialized(Unsafe.java:1160) ~[?:?]
	at java.base/jdk.internal.reflect.MethodHandleAccessorFactory.ensureClassInitialized(MethodHandleAccessorFactory.java:300) ~[?:?]
	at java.base/jdk.internal.reflect.MethodHandleAccessorFactory.newConstructorAccessor(MethodHandleAccessorFactory.java:103) ~[?:?]
	at java.base/jdk.internal.reflect.ReflectionFactory.newConstructorAccessor(ReflectionFactory.java:200) ~[?:?]
	at java.base/java.lang.reflect.Constructor.acquireConstructorAccessor(Constructor.java:547) ~[?:?]
	at java.base/java.lang.reflect.Constructor.newInstanceWithCaller(Constructor.java:497) ~[?:?]
	at java.base/java.lang.reflect.Constructor.newInstance(Constructor.java:484) ~[?:?]
	at org.apache.jmeter.util.JMeterUtils.loadServicesAndScanJars(JMeterUtils.java:375) ~[ApacheJMeter_core.jar:5.6.3]
	at org.apache.jmeter.visualizers.ViewResultsFullVisualizer.createComboRender(ViewResultsFullVisualizer.java:464) ~[ApacheJMeter_components.jar:5.6.3]
	at org.apache.jmeter.visualizers.ViewResultsFullVisualizer.createLeftPanel(ViewResultsFullVisualizer.java:438) ~[ApacheJMeter_components.jar:5.6.3]
	at org.apache.jmeter.visualizers.ViewResultsFullVisualizer.init(ViewResultsFullVisualizer.java:349) ~[ApacheJMeter_components.jar:5.6.3]
	at org.apache.jmeter.visualizers.ViewResultsFullVisualizer.<init>(ViewResultsFullVisualizer.java:156) ~[ApacheJMeter_components.jar:5.6.3]
	at java.base/jdk.internal.reflect.DirectConstructorHandleAccessor.newInstance(DirectConstructorHandleAccessor.java:67) ~[?:?]
	at java.base/java.lang.reflect.Constructor.newInstanceWithCaller(Constructor.java:500) ~[?:?]
	at java.base/java.lang.reflect.Constructor.newInstance(Constructor.java:484) ~[?:?]
	at org.apache.jmeter.gui.GuiPackage.getGuiFromCache(GuiPackage.java:424) ~[ApacheJMeter_core.jar:5.6.3]
	at org.apache.jmeter.gui.GuiPackage.getGui(GuiPackage.java:267) ~[ApacheJMeter_core.jar:5.6.3]
	at org.apache.jmeter.gui.GuiPackage.getGui(GuiPackage.java:238) ~[ApacheJMeter_core.jar:5.6.3]
	at org.apache.jmeter.gui.tree.JMeterTreeModel.addComponent(JMeterTreeModel.java:160) ~[ApacheJMeter_core.jar:5.6.3]
	at org.apache.jmeter.gui.tree.JMeterTreeModel.addSubTree(JMeterTreeModel.java:131) ~[ApacheJMeter_core.jar:5.6.3]
	at org.apache.jmeter.gui.tree.JMeterTreeModel.addSubTree(JMeterTreeModel.java:131) ~[ApacheJMeter_core.jar:5.6.3]
	... 23 more
2025-01-27 07:21:22,773 ERROR o.a.j.v.ViewResultsFullVisualizer: Exception registering implementation: [com.ubikingenierie.jmeter.plugin.gwt.renderer.RenderAsGwtXmlExtractor] of interface: [interface org.apache.jmeter.visualizers.ResultRenderer], a dependency used by the plugin class is missing
java.lang.NoClassDefFoundError: Could not initialize class com.ubikingenierie.jmeter.plugin.gwt.renderer.RenderAsGwtXmlExtractor
	at java.base/jdk.internal.misc.Unsafe.ensureClassInitialized0(Native Method) ~[?:?]
	at java.base/jdk.internal.misc.Unsafe.ensureClassInitialized(Unsafe.java:1160) ~[?:?]
	at java.base/jdk.internal.reflect.MethodHandleAccessorFactory.ensureClassInitialized(MethodHandleAccessorFactory.java:300) ~[?:?]
	at java.base/jdk.internal.reflect.MethodHandleAccessorFactory.newConstructorAccessor(MethodHandleAccessorFactory.java:103) ~[?:?]
	at java.base/jdk.internal.reflect.ReflectionFactory.newConstructorAccessor(ReflectionFactory.java:200) ~[?:?]
	at java.base/java.lang.reflect.Constructor.acquireConstructorAccessor(Constructor.java:547) ~[?:?]
	at java.base/java.lang.reflect.Constructor.newInstanceWithCaller(Constructor.java:497) ~[?:?]
	at java.base/java.lang.reflect.Constructor.newInstance(Constructor.java:484) ~[?:?]
	at org.apache.jmeter.util.JMeterUtils.loadServicesAndScanJars(JMeterUtils.java:375) ~[ApacheJMeter_core.jar:5.6.3]
	at org.apache.jmeter.visualizers.ViewResultsFullVisualizer.createComboRender(ViewResultsFullVisualizer.java:464) ~[ApacheJMeter_components.jar:5.6.3]
	at org.apache.jmeter.visualizers.ViewResultsFullVisualizer.createLeftPanel(ViewResultsFullVisualizer.java:438) ~[ApacheJMeter_components.jar:5.6.3]
	at org.apache.jmeter.visualizers.ViewResultsFullVisualizer.init(ViewResultsFullVisualizer.java:349) ~[ApacheJMeter_components.jar:5.6.3]
	at org.apache.jmeter.visualizers.ViewResultsFullVisualizer.<init>(ViewResultsFullVisualizer.java:156) ~[ApacheJMeter_components.jar:5.6.3]
	at java.base/jdk.internal.reflect.DirectConstructorHandleAccessor.newInstance(DirectConstructorHandleAccessor.java:67) ~[?:?]
	at java.base/java.lang.reflect.Constructor.newInstanceWithCaller(Constructor.java:500) ~[?:?]
	at java.base/java.lang.reflect.Constructor.newInstance(Constructor.java:484) ~[?:?]
	at org.apache.jmeter.gui.GuiPackage.getGuiFromCache(GuiPackage.java:424) ~[ApacheJMeter_core.jar:5.6.3]
	at org.apache.jmeter.gui.GuiPackage.getGui(GuiPackage.java:267) ~[ApacheJMeter_core.jar:5.6.3]
	at org.apache.jmeter.gui.GuiPackage.getGui(GuiPackage.java:238) ~[ApacheJMeter_core.jar:5.6.3]
	at org.apache.jmeter.gui.tree.JMeterTreeModel.addComponent(JMeterTreeModel.java:160) ~[ApacheJMeter_core.jar:5.6.3]
	at org.apache.jmeter.gui.tree.JMeterTreeModel.addSubTree(JMeterTreeModel.java:131) ~[ApacheJMeter_core.jar:5.6.3]
	at org.apache.jmeter.gui.tree.JMeterTreeModel.addSubTree(JMeterTreeModel.java:123) ~[ApacheJMeter_core.jar:5.6.3]
	at org.apache.jmeter.gui.GuiPackage.addSubTree(GuiPackage.java:555) ~[ApacheJMeter_core.jar:5.6.3]
	at org.apache.jmeter.gui.action.Load.insertLoadedTree(Load.java:201) ~[ApacheJMeter_core.jar:5.6.3]
	at org.apache.jmeter.gui.action.Load.loadProjectFile(Load.java:132) ~[ApacheJMeter_core.jar:5.6.3]
	at org.apache.jmeter.gui.action.Load.loadProjectFile(Load.java:103) ~[ApacheJMeter_core.jar:5.6.3]
	at org.apache.jmeter.gui.action.LoadRecentProject.doActionAfterCheck(LoadRecentProject.java:74) ~[ApacheJMeter_core.jar:5.6.3]
	at org.apache.jmeter.gui.action.AbstractActionWithNoRunningTest.doAction(AbstractActionWithNoRunningTest.java:44) ~[ApacheJMeter_core.jar:5.6.3]
	at org.apache.jmeter.gui.action.ActionRouter.performAction(ActionRouter.java:83) ~[ApacheJMeter_core.jar:5.6.3]
	at org.apache.jmeter.gui.action.ActionRouter.lambda$actionPerformed$0(ActionRouter.java:65) ~[ApacheJMeter_core.jar:5.6.3]
	at java.desktop/java.awt.event.InvocationEvent.dispatch(InvocationEvent.java:318) ~[?:?]
	at java.desktop/java.awt.EventQueue.dispatchEventImpl(EventQueue.java:773) ~[?:?]
	at java.desktop/java.awt.EventQueue$4.run(EventQueue.java:720) ~[?:?]
	at java.desktop/java.awt.EventQueue$4.run(EventQueue.java:714) ~[?:?]
	at java.base/java.security.AccessController.doPrivileged(AccessController.java:400) [?:?]
	at java.base/java.security.ProtectionDomain$JavaSecurityAccessImpl.doIntersectionPrivilege(ProtectionDomain.java:87) [?:?]
	at java.desktop/java.awt.EventQueue.dispatchEvent(EventQueue.java:742) [?:?]
	at java.desktop/java.awt.EventDispatchThread.pumpOneEventForFilters(EventDispatchThread.java:203) [?:?]
	at java.desktop/java.awt.EventDispatchThread.pumpEventsForFilter(EventDispatchThread.java:124) [?:?]
	at java.desktop/java.awt.EventDispatchThread.pumpEventsForHierarchy(EventDispatchThread.java:113) [?:?]
	at java.desktop/java.awt.EventDispatchThread.pumpEvents(EventDispatchThread.java:109) [?:?]
	at java.desktop/java.awt.EventDispatchThread.pumpEvents(EventDispatchThread.java:101) [?:?]
	at java.desktop/java.awt.EventDispatchThread.run(EventDispatchThread.java:90) [?:?]
Caused by: java.lang.ExceptionInInitializerError: Exception java.lang.NoClassDefFoundError: License cannot be checked, license file is not readable or does not exists, you have setup:'C:\Program Files\Java\apache-jmeter-5.6.3\apache-jmeter-5.6.3\bin\null', check path references an existing license file and that user running jmeter can access this file or check property 'ULP.gwt.licensepath' in <jmeter_home>/bin/user.properties is correctly defined [in thread "AWT-EventQueue-0"]
	at com.ubikingenierie.jmeter.plugin.gwt.license.LM.g(LM.java:470) ~[ubik-jmeter-gwt-plugin-4.6.0.jar:4.6.0]
	at com.ubikingenierie.jmeter.plugin.gwt.renderer.RenderAsGwtXmlExtractor.<clinit>(RenderAsGwtXmlExtractor.java:66) ~[ubik-jmeter-gwt-plugin-4.6.0.jar:4.6.0]
	at java.base/jdk.internal.misc.Unsafe.ensureClassInitialized0(Native Method) ~[?:?]
	at java.base/jdk.internal.misc.Unsafe.ensureClassInitialized(Unsafe.java:1160) ~[?:?]
	at java.base/jdk.internal.reflect.MethodHandleAccessorFactory.ensureClassInitialized(MethodHandleAccessorFactory.java:300) ~[?:?]
	at java.base/jdk.internal.reflect.MethodHandleAccessorFactory.newConstructorAccessor(MethodHandleAccessorFactory.java:103) ~[?:?]
	at java.base/jdk.internal.reflect.ReflectionFactory.newConstructorAccessor(ReflectionFactory.java:200) ~[?:?]
	at java.base/java.lang.reflect.Constructor.acquireConstructorAccessor(Constructor.java:547) ~[?:?]
	at java.base/java.lang.reflect.Constructor.newInstanceWithCaller(Constructor.java:497) ~[?:?]
	at java.base/java.lang.reflect.Constructor.newInstance(Constructor.java:484) ~[?:?]
	at org.apache.jmeter.util.JMeterUtils.loadServicesAndScanJars(JMeterUtils.java:375) ~[ApacheJMeter_core.jar:5.6.3]
	at org.apache.jmeter.visualizers.ViewResultsFullVisualizer.createComboRender(ViewResultsFullVisualizer.java:464) ~[ApacheJMeter_components.jar:5.6.3]
	at org.apache.jmeter.visualizers.ViewResultsFullVisualizer.createLeftPanel(ViewResultsFullVisualizer.java:438) ~[ApacheJMeter_components.jar:5.6.3]
	at org.apache.jmeter.visualizers.ViewResultsFullVisualizer.init(ViewResultsFullVisualizer.java:349) ~[ApacheJMeter_components.jar:5.6.3]
	at org.apache.jmeter.visualizers.ViewResultsFullVisualizer.<init>(ViewResultsFullVisualizer.java:156) ~[ApacheJMeter_components.jar:5.6.3]
	at java.base/jdk.internal.reflect.DirectConstructorHandleAccessor.newInstance(DirectConstructorHandleAccessor.java:67) ~[?:?]
	at java.base/java.lang.reflect.Constructor.newInstanceWithCaller(Constructor.java:500) ~[?:?]
	at java.base/java.lang.reflect.Constructor.newInstance(Constructor.java:484) ~[?:?]
	at org.apache.jmeter.gui.GuiPackage.getGuiFromCache(GuiPackage.java:424) ~[ApacheJMeter_core.jar:5.6.3]
	at org.apache.jmeter.gui.GuiPackage.getGui(GuiPackage.java:267) ~[ApacheJMeter_core.jar:5.6.3]
	at org.apache.jmeter.gui.GuiPackage.getGui(GuiPackage.java:238) ~[ApacheJMeter_core.jar:5.6.3]
	at org.apache.jmeter.gui.tree.JMeterTreeModel.addComponent(JMeterTreeModel.java:160) ~[ApacheJMeter_core.jar:5.6.3]
	at org.apache.jmeter.gui.tree.JMeterTreeModel.addSubTree(JMeterTreeModel.java:131) ~[ApacheJMeter_core.jar:5.6.3]
	at org.apache.jmeter.gui.tree.JMeterTreeModel.addSubTree(JMeterTreeModel.java:131) ~[ApacheJMeter_core.jar:5.6.3]
	... 23 more
2025-01-27 07:21:22,788 INFO o.a.j.r.ClassFinder: Will scan jar C:\Program Files\Java\apache-jmeter-5.6.3\apache-jmeter-5.6.3\lib\ext\jmeter-formman-1.0.jar with filter ExtendsClassFilter [parents=[interface org.apache.jmeter.visualizers.RequestView], inner=false, contains=null, notContains=null]. Consider exposing JMeter plugins via META-INF/services, and add JMeter-Skip-Class-Scanning=true manifest attribute so JMeter can skip classfile scanning
2025-01-27 07:21:22,788 INFO o.a.j.r.ClassFinder: Will scan jar C:\Program Files\Java\apache-jmeter-5.6.3\apache-jmeter-5.6.3\lib\ext\jmeter-datadog-backend-listener-0.5.0.jar with filter ExtendsClassFilter [parents=[interface org.apache.jmeter.visualizers.RequestView], inner=false, contains=null, notContains=null]. Consider exposing JMeter plugins via META-INF/services, and add JMeter-Skip-Class-Scanning=true manifest attribute so JMeter can skip classfile scanning
2025-01-27 07:21:22,793 INFO o.a.j.r.ClassFinder: Will scan jar C:\Program Files\Java\apache-jmeter-5.6.3\apache-jmeter-5.6.3\lib\ext\jmeter-plugins-jmxmon-0.3.jar with filter ExtendsClassFilter [parents=[interface org.apache.jmeter.visualizers.RequestView], inner=false, contains=null, notContains=null]. Consider exposing JMeter plugins via META-INF/services, and add JMeter-Skip-Class-Scanning=true manifest attribute so JMeter can skip classfile scanning
2025-01-27 07:21:22,793 INFO o.a.j.r.ClassFinder: Will scan jar C:\Program Files\Java\apache-jmeter-5.6.3\apache-jmeter-5.6.3\lib\ext\jmeter-plugins-graphs-ggl-2.0.jar with filter ExtendsClassFilter [parents=[interface org.apache.jmeter.visualizers.RequestView], inner=false, contains=null, notContains=null]. Consider exposing JMeter plugins via META-INF/services, and add JMeter-Skip-Class-Scanning=true manifest attribute so JMeter can skip classfile scanning
2025-01-27 07:21:22,793 INFO o.a.j.r.ClassFinder: Will scan jar C:\Program Files\Java\apache-jmeter-5.6.3\apache-jmeter-5.6.3\lib\ext\jmeter.pack-listener-1.7.jar with filter ExtendsClassFilter [parents=[interface org.apache.jmeter.visualizers.RequestView], inner=false, contains=null, notContains=null]. Consider exposing JMeter plugins via META-INF/services, and add JMeter-Skip-Class-Scanning=true manifest attribute so JMeter can skip classfile scanning
2025-01-27 07:21:22,798 INFO o.a.j.r.ClassFinder: Will scan jar C:\Program Files\Java\apache-jmeter-5.6.3\apache-jmeter-5.6.3\lib\ext\jmeter-dynatrace-plugin-1.8.0.jar with filter ExtendsClassFilter [parents=[interface org.apache.jmeter.visualizers.RequestView], inner=false, contains=null, notContains=null]. Consider exposing JMeter plugins via META-INF/services, and add JMeter-Skip-Class-Scanning=true manifest attribute so JMeter can skip classfile scanning
2025-01-27 07:21:22,798 INFO o.a.j.r.ClassFinder: Will scan jar C:\Program Files\Java\apache-jmeter-5.6.3\apache-jmeter-5.6.3\lib\ext\jmeter-atakama-backend-1.5.0.jar with filter ExtendsClassFilter [parents=[interface org.apache.jmeter.visualizers.RequestView], inner=false, contains=null, notContains=null]. Consider exposing JMeter plugins via META-INF/services, and add JMeter-Skip-Class-Scanning=true manifest attribute so JMeter can skip classfile scanning
2025-01-27 07:21:22,798 INFO o.a.j.r.ClassFinder: Will scan jar C:\Program Files\Java\apache-jmeter-5.6.3\apache-jmeter-5.6.3\lib\ext\jmeter-plugins-manager-1.10.jar with filter ExtendsClassFilter [parents=[interface org.apache.jmeter.visualizers.RequestView], inner=false, contains=null, notContains=null]. Consider exposing JMeter plugins via META-INF/services, and add JMeter-Skip-Class-Scanning=true manifest attribute so JMeter can skip classfile scanning
2025-01-27 07:21:22,799 INFO o.a.j.r.ClassFinder: Will scan jar C:\Program Files\Java\apache-jmeter-5.6.3\apache-jmeter-5.6.3\lib\ext\otel-apm-jmeter-plugin-1.0-jar-with-dependencies.jar with filter ExtendsClassFilter [parents=[interface org.apache.jmeter.visualizers.RequestView], inner=false, contains=null, notContains=null]. Consider exposing JMeter plugins via META-INF/services, and add JMeter-Skip-Class-Scanning=true manifest attribute so JMeter can skip classfile scanning
2025-01-27 07:21:22,799 INFO o.a.j.r.ClassFinder: Will scan jar C:\Program Files\Java\apache-jmeter-5.6.3\apache-jmeter-5.6.3\lib\ext\jmeter-plugins-graphs-basic-2.0.jar with filter ExtendsClassFilter [parents=[interface org.apache.jmeter.visualizers.RequestView], inner=false, contains=null, notContains=null]. Consider exposing JMeter plugins via META-INF/services, and add JMeter-Skip-Class-Scanning=true manifest attribute so JMeter can skip classfile scanning
2025-01-27 07:21:22,800 INFO o.a.j.r.ClassFinder: Will scan jar C:\Program Files\Java\apache-jmeter-5.6.3\apache-jmeter-5.6.3\lib\ext\jmeter-plugins-rotating-listener-0.2.jar with filter ExtendsClassFilter [parents=[interface org.apache.jmeter.visualizers.RequestView], inner=false, contains=null, notContains=null]. Consider exposing JMeter plugins via META-INF/services, and add JMeter-Skip-Class-Scanning=true manifest attribute so JMeter can skip classfile scanning
2025-01-27 07:21:22,800 INFO o.a.j.r.ClassFinder: Will scan jar C:\Program Files\Java\apache-jmeter-5.6.3\apache-jmeter-5.6.3\lib\ext\jmeter-plugins-autostop-0.2.jar with filter ExtendsClassFilter [parents=[interface org.apache.jmeter.visualizers.RequestView], inner=false, contains=null, notContains=null]. Consider exposing JMeter plugins via META-INF/services, and add JMeter-Skip-Class-Scanning=true manifest attribute so JMeter can skip classfile scanning
2025-01-27 07:21:22,800 INFO o.a.j.r.ClassFinder: Will scan jar C:\Program Files\Java\apache-jmeter-5.6.3\apache-jmeter-5.6.3\lib\ext\ubik-jmeter-gwt-plugin-4.6.0.jar with filter ExtendsClassFilter [parents=[interface org.apache.jmeter.visualizers.RequestView], inner=false, contains=null, notContains=null]. Consider exposing JMeter plugins via META-INF/services, and add JMeter-Skip-Class-Scanning=true manifest attribute so JMeter can skip classfile scanning
2025-01-27 07:21:22,807 INFO o.a.j.r.ClassFinder: Will scan jar C:\Program Files\Java\apache-jmeter-5.6.3\apache-jmeter-5.6.3\lib\ext\jmeter-plugins-senseuploader-3.5.jar with filter ExtendsClassFilter [parents=[interface org.apache.jmeter.visualizers.RequestView], inner=false, contains=null, notContains=null]. Consider exposing JMeter plugins via META-INF/services, and add JMeter-Skip-Class-Scanning=true manifest attribute so JMeter can skip classfile scanning
2025-01-27 07:21:22,807 INFO o.a.j.r.ClassFinder: Will scan jar C:\Program Files\Java\apache-jmeter-5.6.3\apache-jmeter-5.6.3\lib\ext\jmeter.backendlistener.elasticsearch-2.7.1.jar with filter ExtendsClassFilter [parents=[interface org.apache.jmeter.visualizers.RequestView], inner=false, contains=null, notContains=null]. Consider exposing JMeter plugins via META-INF/services, and add JMeter-Skip-Class-Scanning=true manifest attribute so JMeter can skip classfile scanning
2025-01-27 07:21:22,812 INFO o.a.j.r.ClassFinder: Will scan jar C:\Program Files\Java\apache-jmeter-5.6.3\apache-jmeter-5.6.3\lib\ext\jmeter-plugins-table-server-5.0.jar with filter ExtendsClassFilter [parents=[interface org.apache.jmeter.visualizers.RequestView], inner=false, contains=null, notContains=null]. Consider exposing JMeter plugins via META-INF/services, and add JMeter-Skip-Class-Scanning=true manifest attribute so JMeter can skip classfile scanning
2025-01-27 07:21:22,812 INFO o.a.j.r.ClassFinder: Will scan jar C:\Program Files\Java\apache-jmeter-5.6.3\apache-jmeter-5.6.3\lib\ext\jmeter-plugins-httpraw-0.1.jar with filter ExtendsClassFilter [parents=[interface org.apache.jmeter.visualizers.RequestView], inner=false, contains=null, notContains=null]. Consider exposing JMeter plugins via META-INF/services, and add JMeter-Skip-Class-Scanning=true manifest attribute so JMeter can skip classfile scanning
2025-01-27 07:21:22,813 INFO o.a.j.r.ClassFinder: Will scan jar C:\Program Files\Java\apache-jmeter-5.6.3\apache-jmeter-5.6.3\lib\ext\jmeter.backendlistener.azure-0.2.9.jar with filter ExtendsClassFilter [parents=[interface org.apache.jmeter.visualizers.RequestView], inner=false, contains=null, notContains=null]. Consider exposing JMeter plugins via META-INF/services, and add JMeter-Skip-Class-Scanning=true manifest attribute so JMeter can skip classfile scanning
2025-01-27 07:21:22,819 INFO o.a.j.r.ClassFinder: Will scan jar C:\Program Files\Java\apache-jmeter-5.6.3\apache-jmeter-5.6.3\lib\ext\jmeter.backendlistener.kafka-1.0.0.jar with filter ExtendsClassFilter [parents=[interface org.apache.jmeter.visualizers.RequestView], inner=false, contains=null, notContains=null]. Consider exposing JMeter plugins via META-INF/services, and add JMeter-Skip-Class-Scanning=true manifest attribute so JMeter can skip classfile scanning
2025-01-27 07:21:22,826 INFO o.a.j.r.ClassFinder: Will scan jar C:\Program Files\Java\apache-jmeter-5.6.3\apache-jmeter-5.6.3\lib\ext\citrix-jmeter-0.7.7.jar with filter ExtendsClassFilter [parents=[interface org.apache.jmeter.visualizers.RequestView], inner=false, contains=null, notContains=null]. Consider exposing JMeter plugins via META-INF/services, and add JMeter-Skip-Class-Scanning=true manifest attribute so JMeter can skip classfile scanning
2025-01-27 07:21:22,830 INFO o.a.j.r.ClassFinder: Will scan jar C:\Program Files\Java\apache-jmeter-5.6.3\apache-jmeter-5.6.3\lib\ext\rapi-jmeter-plugins-1.0.2.jar with filter ExtendsClassFilter [parents=[interface org.apache.jmeter.visualizers.RequestView], inner=false, contains=null, notContains=null]. Consider exposing JMeter plugins via META-INF/services, and add JMeter-Skip-Class-Scanning=true manifest attribute so JMeter can skip classfile scanning
2025-01-27 07:21:22,830 INFO o.a.j.r.ClassFinder: Will scan jar C:\Program Files\Java\apache-jmeter-5.6.3\apache-jmeter-5.6.3\lib\ext\jmeter-plugins-casutg-2.10.jar with filter ExtendsClassFilter [parents=[interface org.apache.jmeter.visualizers.RequestView], inner=false, contains=null, notContains=null]. Consider exposing JMeter plugins via META-INF/services, and add JMeter-Skip-Class-Scanning=true manifest attribute so JMeter can skip classfile scanning
2025-01-27 07:21:22,830 INFO o.a.j.r.ClassFinder: Will scan jar C:\Program Files\Java\apache-jmeter-5.6.3\apache-jmeter-5.6.3\lib\ext\jmeter-plugins-dbmon-0.1.jar with filter ExtendsClassFilter [parents=[interface org.apache.jmeter.visualizers.RequestView], inner=false, contains=null, notContains=null]. Consider exposing JMeter plugins via META-INF/services, and add JMeter-Skip-Class-Scanning=true manifest attribute so JMeter can skip classfile scanning
2025-01-27 07:21:22,830 INFO o.a.j.r.ClassFinder: Will scan jar C:\Program Files\Java\apache-jmeter-5.6.3\apache-jmeter-5.6.3\lib\ext\jmeter-plugins-casutg-3.0.jar with filter ExtendsClassFilter [parents=[interface org.apache.jmeter.visualizers.RequestView], inner=false, contains=null, notContains=null]. Consider exposing JMeter plugins via META-INF/services, and add JMeter-Skip-Class-Scanning=true manifest attribute so JMeter can skip classfile scanning
2025-01-27 07:21:22,830 INFO o.a.j.r.ClassFinder: Will scan jar C:\Program Files\Java\apache-jmeter-5.6.3\apache-jmeter-5.6.3\lib\ext\jmeter-plugins-perfmon-2.1.jar with filter ExtendsClassFilter [parents=[interface org.apache.jmeter.visualizers.RequestView], inner=false, contains=null, notContains=null]. Consider exposing JMeter plugins via META-INF/services, and add JMeter-Skip-Class-Scanning=true manifest attribute so JMeter can skip classfile scanning
2025-01-27 07:21:22,830 INFO o.a.j.r.ClassFinder: Will scan jar C:\Program Files\Java\apache-jmeter-5.6.3\apache-jmeter-5.6.3\lib\ext\jmeter-prometheus-plugin-0.6.0.jar with filter ExtendsClassFilter [parents=[interface org.apache.jmeter.visualizers.RequestView], inner=false, contains=null, notContains=null]. Consider exposing JMeter plugins via META-INF/services, and add JMeter-Skip-Class-Scanning=true manifest attribute so JMeter can skip classfile scanning
2025-01-27 07:21:22,831 INFO o.a.j.r.ClassFinder: Will scan jar C:\Program Files\Java\apache-jmeter-5.6.3\apache-jmeter-5.6.3\lib\ext\ulp-observability-listener-1.1.0.jar with filter ExtendsClassFilter [parents=[interface org.apache.jmeter.visualizers.RequestView], inner=false, contains=null, notContains=null]. Consider exposing JMeter plugins via META-INF/services, and add JMeter-Skip-Class-Scanning=true manifest attribute so JMeter can skip classfile scanning
2025-01-27 07:21:22,831 INFO o.a.j.r.ClassFinder: Will scan jar C:\Program Files\Java\apache-jmeter-5.6.3\apache-jmeter-5.6.3\lib\ext\jmeter-plugins-graphs-additional-2.0.jar with filter ExtendsClassFilter [parents=[interface org.apache.jmeter.visualizers.RequestView], inner=false, contains=null, notContains=null]. Consider exposing JMeter plugins via META-INF/services, and add JMeter-Skip-Class-Scanning=true manifest attribute so JMeter can skip classfile scanning
2025-01-27 07:21:22,833 INFO o.a.j.r.ClassFinder: Will scan jar C:\Program Files\Java\apache-jmeter-5.6.3\apache-jmeter-5.6.3\lib\ext\elastic-apm-jmeter-plugin-2.0-jar-with-dependencies.jar with filter ExtendsClassFilter [parents=[interface org.apache.jmeter.visualizers.RequestView], inner=false, contains=null, notContains=null]. Consider exposing JMeter plugins via META-INF/services, and add JMeter-Skip-Class-Scanning=true manifest attribute so JMeter can skip classfile scanning
2025-01-27 07:21:22,833 INFO o.a.j.r.ClassFinder: Will scan jar C:\Program Files\Java\apache-jmeter-5.6.3\apache-jmeter-5.6.3\lib\ext\jmeter-plugins-cmd-2.2.jar with filter ExtendsClassFilter [parents=[interface org.apache.jmeter.visualizers.RequestView], inner=false, contains=null, notContains=null]. Consider exposing JMeter plugins via META-INF/services, and add JMeter-Skip-Class-Scanning=true manifest attribute so JMeter can skip classfile scanning
2025-01-27 07:21:22,833 INFO o.a.j.r.ClassFinder: Will scan jar C:\Program Files\Java\apache-jmeter-5.6.3\apache-jmeter-5.6.3\lib\ext\jmeter-plugins-csl-0.1.jar with filter ExtendsClassFilter [parents=[interface org.apache.jmeter.visualizers.RequestView], inner=false, contains=null, notContains=null]. Consider exposing JMeter plugins via META-INF/services, and add JMeter-Skip-Class-Scanning=true manifest attribute so JMeter can skip classfile scanning
2025-01-27 07:21:22,833 ERROR o.a.j.v.RequestPanel: Exception registering implementation: [com.ubikingenierie.jmeter.plugin.gwt.view.RequestViewAsGwtRPCRaw] of interface: [interface org.apache.jmeter.visualizers.RequestView], a dependency used by the plugin class is missing
java.lang.NoClassDefFoundError: Could not initialize class com.ubikingenierie.jmeter.plugin.gwt.view.RequestViewAsGwtRPCRaw
	at java.base/jdk.internal.misc.Unsafe.ensureClassInitialized0(Native Method) ~[?:?]
	at java.base/jdk.internal.misc.Unsafe.ensureClassInitialized(Unsafe.java:1160) ~[?:?]
	at java.base/jdk.internal.reflect.MethodHandleAccessorFactory.ensureClassInitialized(MethodHandleAccessorFactory.java:300) ~[?:?]
	at java.base/jdk.internal.reflect.MethodHandleAccessorFactory.newConstructorAccessor(MethodHandleAccessorFactory.java:103) ~[?:?]
	at java.base/jdk.internal.reflect.ReflectionFactory.newConstructorAccessor(ReflectionFactory.java:200) ~[?:?]
	at java.base/java.lang.reflect.Constructor.acquireConstructorAccessor(Constructor.java:547) ~[?:?]
	at java.base/java.lang.reflect.Constructor.newInstanceWithCaller(Constructor.java:497) ~[?:?]
	at java.base/java.lang.reflect.Constructor.newInstance(Constructor.java:484) ~[?:?]
	at org.apache.jmeter.util.JMeterUtils.loadServicesAndScanJars(JMeterUtils.java:375) ~[ApacheJMeter_core.jar:5.6.3]
	at org.apache.jmeter.visualizers.RequestPanel.<init>(RequestPanel.java:56) ~[ApacheJMeter_components.jar:5.6.3]
	at org.apache.jmeter.visualizers.SamplerResultTab.init(SamplerResultTab.java:241) ~[ApacheJMeter_components.jar:5.6.3]
	at org.apache.jmeter.visualizers.ViewResultsFullVisualizer.init(ViewResultsFullVisualizer.java:367) ~[ApacheJMeter_components.jar:5.6.3]
	at org.apache.jmeter.visualizers.ViewResultsFullVisualizer.<init>(ViewResultsFullVisualizer.java:156) ~[ApacheJMeter_components.jar:5.6.3]
	at java.base/jdk.internal.reflect.DirectConstructorHandleAccessor.newInstance(DirectConstructorHandleAccessor.java:67) ~[?:?]
	at java.base/java.lang.reflect.Constructor.newInstanceWithCaller(Constructor.java:500) ~[?:?]
	at java.base/java.lang.reflect.Constructor.newInstance(Constructor.java:484) ~[?:?]
	at org.apache.jmeter.gui.GuiPackage.getGuiFromCache(GuiPackage.java:424) ~[ApacheJMeter_core.jar:5.6.3]
	at org.apache.jmeter.gui.GuiPackage.getGui(GuiPackage.java:267) ~[ApacheJMeter_core.jar:5.6.3]
	at org.apache.jmeter.gui.GuiPackage.getGui(GuiPackage.java:238) ~[ApacheJMeter_core.jar:5.6.3]
	at org.apache.jmeter.gui.tree.JMeterTreeModel.addComponent(JMeterTreeModel.java:160) ~[ApacheJMeter_core.jar:5.6.3]
	at org.apache.jmeter.gui.tree.JMeterTreeModel.addSubTree(JMeterTreeModel.java:131) ~[ApacheJMeter_core.jar:5.6.3]
	at org.apache.jmeter.gui.tree.JMeterTreeModel.addSubTree(JMeterTreeModel.java:123) ~[ApacheJMeter_core.jar:5.6.3]
	at org.apache.jmeter.gui.GuiPackage.addSubTree(GuiPackage.java:555) ~[ApacheJMeter_core.jar:5.6.3]
	at org.apache.jmeter.gui.action.Load.insertLoadedTree(Load.java:201) ~[ApacheJMeter_core.jar:5.6.3]
	at org.apache.jmeter.gui.action.Load.loadProjectFile(Load.java:132) ~[ApacheJMeter_core.jar:5.6.3]
	at org.apache.jmeter.gui.action.Load.loadProjectFile(Load.java:103) ~[ApacheJMeter_core.jar:5.6.3]
	at org.apache.jmeter.gui.action.LoadRecentProject.doActionAfterCheck(LoadRecentProject.java:74) ~[ApacheJMeter_core.jar:5.6.3]
	at org.apache.jmeter.gui.action.AbstractActionWithNoRunningTest.doAction(AbstractActionWithNoRunningTest.java:44) ~[ApacheJMeter_core.jar:5.6.3]
	at org.apache.jmeter.gui.action.ActionRouter.performAction(ActionRouter.java:83) ~[ApacheJMeter_core.jar:5.6.3]
	at org.apache.jmeter.gui.action.ActionRouter.lambda$actionPerformed$0(ActionRouter.java:65) ~[ApacheJMeter_core.jar:5.6.3]
	at java.desktop/java.awt.event.InvocationEvent.dispatch(InvocationEvent.java:318) ~[?:?]
	at java.desktop/java.awt.EventQueue.dispatchEventImpl(EventQueue.java:773) ~[?:?]
	at java.desktop/java.awt.EventQueue$4.run(EventQueue.java:720) ~[?:?]
	at java.desktop/java.awt.EventQueue$4.run(EventQueue.java:714) ~[?:?]
	at java.base/java.security.AccessController.doPrivileged(AccessController.java:400) [?:?]
	at java.base/java.security.ProtectionDomain$JavaSecurityAccessImpl.doIntersectionPrivilege(ProtectionDomain.java:87) [?:?]
	at java.desktop/java.awt.EventQueue.dispatchEvent(EventQueue.java:742) [?:?]
	at java.desktop/java.awt.EventDispatchThread.pumpOneEventForFilters(EventDispatchThread.java:203) [?:?]
	at java.desktop/java.awt.EventDispatchThread.pumpEventsForFilter(EventDispatchThread.java:124) [?:?]
	at java.desktop/java.awt.EventDispatchThread.pumpEventsForHierarchy(EventDispatchThread.java:113) [?:?]
	at java.desktop/java.awt.EventDispatchThread.pumpEvents(EventDispatchThread.java:109) [?:?]
	at java.desktop/java.awt.EventDispatchThread.pumpEvents(EventDispatchThread.java:101) [?:?]
	at java.desktop/java.awt.EventDispatchThread.run(EventDispatchThread.java:90) [?:?]
Caused by: java.lang.ExceptionInInitializerError: Exception java.lang.NoClassDefFoundError: License cannot be checked, license file is not readable or does not exists, you have setup:'C:\Program Files\Java\apache-jmeter-5.6.3\apache-jmeter-5.6.3\bin\null', check path references an existing license file and that user running jmeter can access this file or check property 'ULP.gwt.licensepath' in <jmeter_home>/bin/user.properties is correctly defined [in thread "AWT-EventQueue-0"]
	at com.ubikingenierie.jmeter.plugin.gwt.license.LM.g(LM.java:470) ~[ubik-jmeter-gwt-plugin-4.6.0.jar:4.6.0]
	at com.ubikingenierie.jmeter.plugin.gwt.view.RequestViewAsGwtRPCRaw.<clinit>(RequestViewAsGwtRPCRaw.java:49) ~[ubik-jmeter-gwt-plugin-4.6.0.jar:4.6.0]
	at java.base/jdk.internal.misc.Unsafe.ensureClassInitialized0(Native Method) ~[?:?]
	at java.base/jdk.internal.misc.Unsafe.ensureClassInitialized(Unsafe.java:1160) ~[?:?]
	at java.base/jdk.internal.reflect.MethodHandleAccessorFactory.ensureClassInitialized(MethodHandleAccessorFactory.java:300) ~[?:?]
	at java.base/jdk.internal.reflect.MethodHandleAccessorFactory.newConstructorAccessor(MethodHandleAccessorFactory.java:103) ~[?:?]
	at java.base/jdk.internal.reflect.ReflectionFactory.newConstructorAccessor(ReflectionFactory.java:200) ~[?:?]
	at java.base/java.lang.reflect.Constructor.acquireConstructorAccessor(Constructor.java:547) ~[?:?]
	at java.base/java.lang.reflect.Constructor.newInstanceWithCaller(Constructor.java:497) ~[?:?]
	at java.base/java.lang.reflect.Constructor.newInstance(Constructor.java:484) ~[?:?]
	at org.apache.jmeter.util.JMeterUtils.loadServicesAndScanJars(JMeterUtils.java:375) ~[ApacheJMeter_core.jar:5.6.3]
	at org.apache.jmeter.visualizers.RequestPanel.<init>(RequestPanel.java:56) ~[ApacheJMeter_components.jar:5.6.3]
	at org.apache.jmeter.visualizers.SamplerResultTab.init(SamplerResultTab.java:241) ~[ApacheJMeter_components.jar:5.6.3]
	at org.apache.jmeter.visualizers.ViewResultsFullVisualizer.init(ViewResultsFullVisualizer.java:367) ~[ApacheJMeter_components.jar:5.6.3]
	at org.apache.jmeter.visualizers.ViewResultsFullVisualizer.<init>(ViewResultsFullVisualizer.java:156) ~[ApacheJMeter_components.jar:5.6.3]
	at java.base/jdk.internal.reflect.DirectConstructorHandleAccessor.newInstance(DirectConstructorHandleAccessor.java:67) ~[?:?]
	at java.base/java.lang.reflect.Constructor.newInstanceWithCaller(Constructor.java:500) ~[?:?]
	at java.base/java.lang.reflect.Constructor.newInstance(Constructor.java:484) ~[?:?]
	at org.apache.jmeter.gui.GuiPackage.getGuiFromCache(GuiPackage.java:424) ~[ApacheJMeter_core.jar:5.6.3]
	at org.apache.jmeter.gui.GuiPackage.getGui(GuiPackage.java:267) ~[ApacheJMeter_core.jar:5.6.3]
	at org.apache.jmeter.gui.GuiPackage.getGui(GuiPackage.java:238) ~[ApacheJMeter_core.jar:5.6.3]
	at org.apache.jmeter.gui.tree.JMeterTreeModel.addComponent(JMeterTreeModel.java:160) ~[ApacheJMeter_core.jar:5.6.3]
	at org.apache.jmeter.gui.tree.JMeterTreeModel.addSubTree(JMeterTreeModel.java:131) ~[ApacheJMeter_core.jar:5.6.3]
	at org.apache.jmeter.gui.tree.JMeterTreeModel.addSubTree(JMeterTreeModel.java:131) ~[ApacheJMeter_core.jar:5.6.3]
	... 23 more
2025-01-27 07:21:22,918 INFO o.a.j.r.ClassFinder: Will scan jar C:\Program Files\Java\apache-jmeter-5.6.3\apache-jmeter-5.6.3\lib\ext\jmeter-formman-1.0.jar with filter ExtendsClassFilter [parents=[interface org.apache.jmeter.visualizers.ResultRenderer], inner=false, contains=null, notContains=null]. Consider exposing JMeter plugins via META-INF/services, and add JMeter-Skip-Class-Scanning=true manifest attribute so JMeter can skip classfile scanning
2025-01-27 07:21:22,919 INFO o.a.j.r.ClassFinder: Will scan jar C:\Program Files\Java\apache-jmeter-5.6.3\apache-jmeter-5.6.3\lib\ext\jmeter-datadog-backend-listener-0.5.0.jar with filter ExtendsClassFilter [parents=[interface org.apache.jmeter.visualizers.ResultRenderer], inner=false, contains=null, notContains=null]. Consider exposing JMeter plugins via META-INF/services, and add JMeter-Skip-Class-Scanning=true manifest attribute so JMeter can skip classfile scanning
2025-01-27 07:21:22,921 INFO o.a.j.r.ClassFinder: Will scan jar C:\Program Files\Java\apache-jmeter-5.6.3\apache-jmeter-5.6.3\lib\ext\jmeter-plugins-jmxmon-0.3.jar with filter ExtendsClassFilter [parents=[interface org.apache.jmeter.visualizers.ResultRenderer], inner=false, contains=null, notContains=null]. Consider exposing JMeter plugins via META-INF/services, and add JMeter-Skip-Class-Scanning=true manifest attribute so JMeter can skip classfile scanning
2025-01-27 07:21:22,921 INFO o.a.j.r.ClassFinder: Will scan jar C:\Program Files\Java\apache-jmeter-5.6.3\apache-jmeter-5.6.3\lib\ext\jmeter-plugins-graphs-ggl-2.0.jar with filter ExtendsClassFilter [parents=[interface org.apache.jmeter.visualizers.ResultRenderer], inner=false, contains=null, notContains=null]. Consider exposing JMeter plugins via META-INF/services, and add JMeter-Skip-Class-Scanning=true manifest attribute so JMeter can skip classfile scanning
2025-01-27 07:21:22,921 INFO o.a.j.r.ClassFinder: Will scan jar C:\Program Files\Java\apache-jmeter-5.6.3\apache-jmeter-5.6.3\lib\ext\jmeter.pack-listener-1.7.jar with filter ExtendsClassFilter [parents=[interface org.apache.jmeter.visualizers.ResultRenderer], inner=false, contains=null, notContains=null]. Consider exposing JMeter plugins via META-INF/services, and add JMeter-Skip-Class-Scanning=true manifest attribute so JMeter can skip classfile scanning
2025-01-27 07:21:22,926 INFO o.a.j.r.ClassFinder: Will scan jar C:\Program Files\Java\apache-jmeter-5.6.3\apache-jmeter-5.6.3\lib\ext\jmeter-dynatrace-plugin-1.8.0.jar with filter ExtendsClassFilter [parents=[interface org.apache.jmeter.visualizers.ResultRenderer], inner=false, contains=null, notContains=null]. Consider exposing JMeter plugins via META-INF/services, and add JMeter-Skip-Class-Scanning=true manifest attribute so JMeter can skip classfile scanning
2025-01-27 07:21:22,926 INFO o.a.j.r.ClassFinder: Will scan jar C:\Program Files\Java\apache-jmeter-5.6.3\apache-jmeter-5.6.3\lib\ext\jmeter-atakama-backend-1.5.0.jar with filter ExtendsClassFilter [parents=[interface org.apache.jmeter.visualizers.ResultRenderer], inner=false, contains=null, notContains=null]. Consider exposing JMeter plugins via META-INF/services, and add JMeter-Skip-Class-Scanning=true manifest attribute so JMeter can skip classfile scanning
2025-01-27 07:21:22,927 INFO o.a.j.r.ClassFinder: Will scan jar C:\Program Files\Java\apache-jmeter-5.6.3\apache-jmeter-5.6.3\lib\ext\jmeter-plugins-manager-1.10.jar with filter ExtendsClassFilter [parents=[interface org.apache.jmeter.visualizers.ResultRenderer], inner=false, contains=null, notContains=null]. Consider exposing JMeter plugins via META-INF/services, and add JMeter-Skip-Class-Scanning=true manifest attribute so JMeter can skip classfile scanning
2025-01-27 07:21:22,928 INFO o.a.j.r.ClassFinder: Will scan jar C:\Program Files\Java\apache-jmeter-5.6.3\apache-jmeter-5.6.3\lib\ext\otel-apm-jmeter-plugin-1.0-jar-with-dependencies.jar with filter ExtendsClassFilter [parents=[interface org.apache.jmeter.visualizers.ResultRenderer], inner=false, contains=null, notContains=null]. Consider exposing JMeter plugins via META-INF/services, and add JMeter-Skip-Class-Scanning=true manifest attribute so JMeter can skip classfile scanning
2025-01-27 07:21:22,928 INFO o.a.j.r.ClassFinder: Will scan jar C:\Program Files\Java\apache-jmeter-5.6.3\apache-jmeter-5.6.3\lib\ext\jmeter-plugins-graphs-basic-2.0.jar with filter ExtendsClassFilter [parents=[interface org.apache.jmeter.visualizers.ResultRenderer], inner=false, contains=null, notContains=null]. Consider exposing JMeter plugins via META-INF/services, and add JMeter-Skip-Class-Scanning=true manifest attribute so JMeter can skip classfile scanning
2025-01-27 07:21:22,928 INFO o.a.j.r.ClassFinder: Will scan jar C:\Program Files\Java\apache-jmeter-5.6.3\apache-jmeter-5.6.3\lib\ext\jmeter-plugins-rotating-listener-0.2.jar with filter ExtendsClassFilter [parents=[interface org.apache.jmeter.visualizers.ResultRenderer], inner=false, contains=null, notContains=null]. Consider exposing JMeter plugins via META-INF/services, and add JMeter-Skip-Class-Scanning=true manifest attribute so JMeter can skip classfile scanning
2025-01-27 07:21:22,929 INFO o.a.j.r.ClassFinder: Will scan jar C:\Program Files\Java\apache-jmeter-5.6.3\apache-jmeter-5.6.3\lib\ext\jmeter-plugins-autostop-0.2.jar with filter ExtendsClassFilter [parents=[interface org.apache.jmeter.visualizers.ResultRenderer], inner=false, contains=null, notContains=null]. Consider exposing JMeter plugins via META-INF/services, and add JMeter-Skip-Class-Scanning=true manifest attribute so JMeter can skip classfile scanning
2025-01-27 07:21:22,929 INFO o.a.j.r.ClassFinder: Will scan jar C:\Program Files\Java\apache-jmeter-5.6.3\apache-jmeter-5.6.3\lib\ext\ubik-jmeter-gwt-plugin-4.6.0.jar with filter ExtendsClassFilter [parents=[interface org.apache.jmeter.visualizers.ResultRenderer], inner=false, contains=null, notContains=null]. Consider exposing JMeter plugins via META-INF/services, and add JMeter-Skip-Class-Scanning=true manifest attribute so JMeter can skip classfile scanning
2025-01-27 07:21:22,937 INFO o.a.j.r.ClassFinder: Will scan jar C:\Program Files\Java\apache-jmeter-5.6.3\apache-jmeter-5.6.3\lib\ext\jmeter-plugins-senseuploader-3.5.jar with filter ExtendsClassFilter [parents=[interface org.apache.jmeter.visualizers.ResultRenderer], inner=false, contains=null, notContains=null]. Consider exposing JMeter plugins via META-INF/services, and add JMeter-Skip-Class-Scanning=true manifest attribute so JMeter can skip classfile scanning
2025-01-27 07:21:22,937 INFO o.a.j.r.ClassFinder: Will scan jar C:\Program Files\Java\apache-jmeter-5.6.3\apache-jmeter-5.6.3\lib\ext\jmeter.backendlistener.elasticsearch-2.7.1.jar with filter ExtendsClassFilter [parents=[interface org.apache.jmeter.visualizers.ResultRenderer], inner=false, contains=null, notContains=null]. Consider exposing JMeter plugins via META-INF/services, and add JMeter-Skip-Class-Scanning=true manifest attribute so JMeter can skip classfile scanning
2025-01-27 07:21:22,944 INFO o.a.j.r.ClassFinder: Will scan jar C:\Program Files\Java\apache-jmeter-5.6.3\apache-jmeter-5.6.3\lib\ext\jmeter-plugins-table-server-5.0.jar with filter ExtendsClassFilter [parents=[interface org.apache.jmeter.visualizers.ResultRenderer], inner=false, contains=null, notContains=null]. Consider exposing JMeter plugins via META-INF/services, and add JMeter-Skip-Class-Scanning=true manifest attribute so JMeter can skip classfile scanning
2025-01-27 07:21:22,946 INFO o.a.j.r.ClassFinder: Will scan jar C:\Program Files\Java\apache-jmeter-5.6.3\apache-jmeter-5.6.3\lib\ext\jmeter-plugins-httpraw-0.1.jar with filter ExtendsClassFilter [parents=[interface org.apache.jmeter.visualizers.ResultRenderer], inner=false, contains=null, notContains=null]. Consider exposing JMeter plugins via META-INF/services, and add JMeter-Skip-Class-Scanning=true manifest attribute so JMeter can skip classfile scanning
2025-01-27 07:21:22,946 INFO o.a.j.r.ClassFinder: Will scan jar C:\Program Files\Java\apache-jmeter-5.6.3\apache-jmeter-5.6.3\lib\ext\jmeter.backendlistener.azure-0.2.9.jar with filter ExtendsClassFilter [parents=[interface org.apache.jmeter.visualizers.ResultRenderer], inner=false, contains=null, notContains=null]. Consider exposing JMeter plugins via META-INF/services, and add JMeter-Skip-Class-Scanning=true manifest attribute so JMeter can skip classfile scanning
2025-01-27 07:21:22,954 INFO o.a.j.r.ClassFinder: Will scan jar C:\Program Files\Java\apache-jmeter-5.6.3\apache-jmeter-5.6.3\lib\ext\jmeter.backendlistener.kafka-1.0.0.jar with filter ExtendsClassFilter [parents=[interface org.apache.jmeter.visualizers.ResultRenderer], inner=false, contains=null, notContains=null]. Consider exposing JMeter plugins via META-INF/services, and add JMeter-Skip-Class-Scanning=true manifest attribute so JMeter can skip classfile scanning
2025-01-27 07:21:22,962 INFO o.a.j.r.ClassFinder: Will scan jar C:\Program Files\Java\apache-jmeter-5.6.3\apache-jmeter-5.6.3\lib\ext\citrix-jmeter-0.7.7.jar with filter ExtendsClassFilter [parents=[interface org.apache.jmeter.visualizers.ResultRenderer], inner=false, contains=null, notContains=null]. Consider exposing JMeter plugins via META-INF/services, and add JMeter-Skip-Class-Scanning=true manifest attribute so JMeter can skip classfile scanning
2025-01-27 07:21:22,965 INFO o.a.j.r.ClassFinder: Will scan jar C:\Program Files\Java\apache-jmeter-5.6.3\apache-jmeter-5.6.3\lib\ext\rapi-jmeter-plugins-1.0.2.jar with filter ExtendsClassFilter [parents=[interface org.apache.jmeter.visualizers.ResultRenderer], inner=false, contains=null, notContains=null]. Consider exposing JMeter plugins via META-INF/services, and add JMeter-Skip-Class-Scanning=true manifest attribute so JMeter can skip classfile scanning
2025-01-27 07:21:22,966 INFO o.a.j.r.ClassFinder: Will scan jar C:\Program Files\Java\apache-jmeter-5.6.3\apache-jmeter-5.6.3\lib\ext\jmeter-plugins-casutg-2.10.jar with filter ExtendsClassFilter [parents=[interface org.apache.jmeter.visualizers.ResultRenderer], inner=false, contains=null, notContains=null]. Consider exposing JMeter plugins via META-INF/services, and add JMeter-Skip-Class-Scanning=true manifest attribute so JMeter can skip classfile scanning
2025-01-27 07:21:22,966 INFO o.a.j.r.ClassFinder: Will scan jar C:\Program Files\Java\apache-jmeter-5.6.3\apache-jmeter-5.6.3\lib\ext\jmeter-plugins-dbmon-0.1.jar with filter ExtendsClassFilter [parents=[interface org.apache.jmeter.visualizers.ResultRenderer], inner=false, contains=null, notContains=null]. Consider exposing JMeter plugins via META-INF/services, and add JMeter-Skip-Class-Scanning=true manifest attribute so JMeter can skip classfile scanning
2025-01-27 07:21:22,966 INFO o.a.j.r.ClassFinder: Will scan jar C:\Program Files\Java\apache-jmeter-5.6.3\apache-jmeter-5.6.3\lib\ext\jmeter-plugins-casutg-3.0.jar with filter ExtendsClassFilter [parents=[interface org.apache.jmeter.visualizers.ResultRenderer], inner=false, contains=null, notContains=null]. Consider exposing JMeter plugins via META-INF/services, and add JMeter-Skip-Class-Scanning=true manifest attribute so JMeter can skip classfile scanning
2025-01-27 07:21:22,966 INFO o.a.j.r.ClassFinder: Will scan jar C:\Program Files\Java\apache-jmeter-5.6.3\apache-jmeter-5.6.3\lib\ext\jmeter-plugins-perfmon-2.1.jar with filter ExtendsClassFilter [parents=[interface org.apache.jmeter.visualizers.ResultRenderer], inner=false, contains=null, notContains=null]. Consider exposing JMeter plugins via META-INF/services, and add JMeter-Skip-Class-Scanning=true manifest attribute so JMeter can skip classfile scanning
2025-01-27 07:21:22,967 INFO o.a.j.r.ClassFinder: Will scan jar C:\Program Files\Java\apache-jmeter-5.6.3\apache-jmeter-5.6.3\lib\ext\jmeter-prometheus-plugin-0.6.0.jar with filter ExtendsClassFilter [parents=[interface org.apache.jmeter.visualizers.ResultRenderer], inner=false, contains=null, notContains=null]. Consider exposing JMeter plugins via META-INF/services, and add JMeter-Skip-Class-Scanning=true manifest attribute so JMeter can skip classfile scanning
2025-01-27 07:21:22,967 INFO o.a.j.r.ClassFinder: Will scan jar C:\Program Files\Java\apache-jmeter-5.6.3\apache-jmeter-5.6.3\lib\ext\ulp-observability-listener-1.1.0.jar with filter ExtendsClassFilter [parents=[interface org.apache.jmeter.visualizers.ResultRenderer], inner=false, contains=null, notContains=null]. Consider exposing JMeter plugins via META-INF/services, and add JMeter-Skip-Class-Scanning=true manifest attribute so JMeter can skip classfile scanning
2025-01-27 07:21:22,967 INFO o.a.j.r.ClassFinder: Will scan jar C:\Program Files\Java\apache-jmeter-5.6.3\apache-jmeter-5.6.3\lib\ext\jmeter-plugins-graphs-additional-2.0.jar with filter ExtendsClassFilter [parents=[interface org.apache.jmeter.visualizers.ResultRenderer], inner=false, contains=null, notContains=null]. Consider exposing JMeter plugins via META-INF/services, and add JMeter-Skip-Class-Scanning=true manifest attribute so JMeter can skip classfile scanning
2025-01-27 07:21:22,969 INFO o.a.j.r.ClassFinder: Will scan jar C:\Program Files\Java\apache-jmeter-5.6.3\apache-jmeter-5.6.3\lib\ext\elastic-apm-jmeter-plugin-2.0-jar-with-dependencies.jar with filter ExtendsClassFilter [parents=[interface org.apache.jmeter.visualizers.ResultRenderer], inner=false, contains=null, notContains=null]. Consider exposing JMeter plugins via META-INF/services, and add JMeter-Skip-Class-Scanning=true manifest attribute so JMeter can skip classfile scanning
2025-01-27 07:21:22,969 INFO o.a.j.r.ClassFinder: Will scan jar C:\Program Files\Java\apache-jmeter-5.6.3\apache-jmeter-5.6.3\lib\ext\jmeter-plugins-cmd-2.2.jar with filter ExtendsClassFilter [parents=[interface org.apache.jmeter.visualizers.ResultRenderer], inner=false, contains=null, notContains=null]. Consider exposing JMeter plugins via META-INF/services, and add JMeter-Skip-Class-Scanning=true manifest attribute so JMeter can skip classfile scanning
2025-01-27 07:21:22,969 INFO o.a.j.r.ClassFinder: Will scan jar C:\Program Files\Java\apache-jmeter-5.6.3\apache-jmeter-5.6.3\lib\ext\jmeter-plugins-csl-0.1.jar with filter ExtendsClassFilter [parents=[interface org.apache.jmeter.visualizers.ResultRenderer], inner=false, contains=null, notContains=null]. Consider exposing JMeter plugins via META-INF/services, and add JMeter-Skip-Class-Scanning=true manifest attribute so JMeter can skip classfile scanning
2025-01-27 07:21:22,969 ERROR o.a.j.v.ViewResultsFullVisualizer: Exception registering implementation: [com.ubikingenierie.jmeter.plugin.gwt.renderer.RenderAsGwtRPCResponse] of interface: [interface org.apache.jmeter.visualizers.ResultRenderer], a dependency used by the plugin class is missing
java.lang.NoClassDefFoundError: Could not initialize class com.ubikingenierie.jmeter.plugin.gwt.renderer.RenderAsGwtRPCResponse
	at java.base/jdk.internal.misc.Unsafe.ensureClassInitialized0(Native Method) ~[?:?]
	at java.base/jdk.internal.misc.Unsafe.ensureClassInitialized(Unsafe.java:1160) ~[?:?]
	at java.base/jdk.internal.reflect.MethodHandleAccessorFactory.ensureClassInitialized(MethodHandleAccessorFactory.java:300) ~[?:?]
	at java.base/jdk.internal.reflect.MethodHandleAccessorFactory.newConstructorAccessor(MethodHandleAccessorFactory.java:103) ~[?:?]
	at java.base/jdk.internal.reflect.ReflectionFactory.newConstructorAccessor(ReflectionFactory.java:200) ~[?:?]
	at java.base/java.lang.reflect.Constructor.acquireConstructorAccessor(Constructor.java:547) ~[?:?]
	at java.base/java.lang.reflect.Constructor.newInstanceWithCaller(Constructor.java:497) ~[?:?]
	at java.base/java.lang.reflect.Constructor.newInstance(Constructor.java:484) ~[?:?]
	at org.apache.jmeter.util.JMeterUtils.loadServicesAndScanJars(JMeterUtils.java:375) ~[ApacheJMeter_core.jar:5.6.3]
	at org.apache.jmeter.visualizers.ViewResultsFullVisualizer.createComboRender(ViewResultsFullVisualizer.java:464) ~[ApacheJMeter_components.jar:5.6.3]
	at org.apache.jmeter.visualizers.ViewResultsFullVisualizer.createLeftPanel(ViewResultsFullVisualizer.java:438) ~[ApacheJMeter_components.jar:5.6.3]
	at org.apache.jmeter.visualizers.ViewResultsFullVisualizer.init(ViewResultsFullVisualizer.java:349) ~[ApacheJMeter_components.jar:5.6.3]
	at org.apache.jmeter.visualizers.ViewResultsFullVisualizer.<init>(ViewResultsFullVisualizer.java:156) ~[ApacheJMeter_components.jar:5.6.3]
	at java.base/jdk.internal.reflect.DirectConstructorHandleAccessor.newInstance(DirectConstructorHandleAccessor.java:67) ~[?:?]
	at java.base/java.lang.reflect.Constructor.newInstanceWithCaller(Constructor.java:500) ~[?:?]
	at java.base/java.lang.reflect.Constructor.newInstance(Constructor.java:484) ~[?:?]
	at org.apache.jmeter.gui.GuiPackage.getGuiFromCache(GuiPackage.java:424) ~[ApacheJMeter_core.jar:5.6.3]
	at org.apache.jmeter.gui.GuiPackage.getGui(GuiPackage.java:267) ~[ApacheJMeter_core.jar:5.6.3]
	at org.apache.jmeter.gui.GuiPackage.getGui(GuiPackage.java:238) ~[ApacheJMeter_core.jar:5.6.3]
	at org.apache.jmeter.gui.tree.JMeterTreeModel.addComponent(JMeterTreeModel.java:160) ~[ApacheJMeter_core.jar:5.6.3]
	at org.apache.jmeter.gui.tree.JMeterTreeModel.addSubTree(JMeterTreeModel.java:131) ~[ApacheJMeter_core.jar:5.6.3]
	at org.apache.jmeter.gui.tree.JMeterTreeModel.addSubTree(JMeterTreeModel.java:131) ~[ApacheJMeter_core.jar:5.6.3]
	at org.apache.jmeter.gui.tree.JMeterTreeModel.addSubTree(JMeterTreeModel.java:123) ~[ApacheJMeter_core.jar:5.6.3]
	at org.apache.jmeter.gui.GuiPackage.addSubTree(GuiPackage.java:555) ~[ApacheJMeter_core.jar:5.6.3]
	at org.apache.jmeter.gui.action.Load.insertLoadedTree(Load.java:201) ~[ApacheJMeter_core.jar:5.6.3]
	at org.apache.jmeter.gui.action.Load.loadProjectFile(Load.java:132) ~[ApacheJMeter_core.jar:5.6.3]
	at org.apache.jmeter.gui.action.Load.loadProjectFile(Load.java:103) ~[ApacheJMeter_core.jar:5.6.3]
	at org.apache.jmeter.gui.action.LoadRecentProject.doActionAfterCheck(LoadRecentProject.java:74) ~[ApacheJMeter_core.jar:5.6.3]
	at org.apache.jmeter.gui.action.AbstractActionWithNoRunningTest.doAction(AbstractActionWithNoRunningTest.java:44) ~[ApacheJMeter_core.jar:5.6.3]
	at org.apache.jmeter.gui.action.ActionRouter.performAction(ActionRouter.java:83) ~[ApacheJMeter_core.jar:5.6.3]
	at org.apache.jmeter.gui.action.ActionRouter.lambda$actionPerformed$0(ActionRouter.java:65) ~[ApacheJMeter_core.jar:5.6.3]
	at java.desktop/java.awt.event.InvocationEvent.dispatch(InvocationEvent.java:318) ~[?:?]
	at java.desktop/java.awt.EventQueue.dispatchEventImpl(EventQueue.java:773) ~[?:?]
	at java.desktop/java.awt.EventQueue$4.run(EventQueue.java:720) ~[?:?]
	at java.desktop/java.awt.EventQueue$4.run(EventQueue.java:714) ~[?:?]
	at java.base/java.security.AccessController.doPrivileged(AccessController.java:400) [?:?]
	at java.base/java.security.ProtectionDomain$JavaSecurityAccessImpl.doIntersectionPrivilege(ProtectionDomain.java:87) [?:?]
	at java.desktop/java.awt.EventQueue.dispatchEvent(EventQueue.java:742) [?:?]
	at java.desktop/java.awt.EventDispatchThread.pumpOneEventForFilters(EventDispatchThread.java:203) [?:?]
	at java.desktop/java.awt.EventDispatchThread.pumpEventsForFilter(EventDispatchThread.java:124) [?:?]
	at java.desktop/java.awt.EventDispatchThread.pumpEventsForHierarchy(EventDispatchThread.java:113) [?:?]
	at java.desktop/java.awt.EventDispatchThread.pumpEvents(EventDispatchThread.java:109) [?:?]
	at java.desktop/java.awt.EventDispatchThread.pumpEvents(EventDispatchThread.java:101) [?:?]
	at java.desktop/java.awt.EventDispatchThread.run(EventDispatchThread.java:90) [?:?]
Caused by: java.lang.ExceptionInInitializerError: Exception java.lang.NoClassDefFoundError: License cannot be checked, license file is not readable or does not exists, you have setup:'C:\Program Files\Java\apache-jmeter-5.6.3\apache-jmeter-5.6.3\bin\null', check path references an existing license file and that user running jmeter can access this file or check property 'ULP.gwt.licensepath' in <jmeter_home>/bin/user.properties is correctly defined [in thread "AWT-EventQueue-0"]
	at com.ubikingenierie.jmeter.plugin.gwt.license.LM.g(LM.java:470) ~[ubik-jmeter-gwt-plugin-4.6.0.jar:4.6.0]
	at com.ubikingenierie.jmeter.plugin.gwt.renderer.RenderAsGwtRPCResponse.<clinit>(RenderAsGwtRPCResponse.java:27) ~[ubik-jmeter-gwt-plugin-4.6.0.jar:4.6.0]
	at java.base/jdk.internal.misc.Unsafe.ensureClassInitialized0(Native Method) ~[?:?]
	at java.base/jdk.internal.misc.Unsafe.ensureClassInitialized(Unsafe.java:1160) ~[?:?]
	at java.base/jdk.internal.reflect.MethodHandleAccessorFactory.ensureClassInitialized(MethodHandleAccessorFactory.java:300) ~[?:?]
	at java.base/jdk.internal.reflect.MethodHandleAccessorFactory.newConstructorAccessor(MethodHandleAccessorFactory.java:103) ~[?:?]
	at java.base/jdk.internal.reflect.ReflectionFactory.newConstructorAccessor(ReflectionFactory.java:200) ~[?:?]
	at java.base/java.lang.reflect.Constructor.acquireConstructorAccessor(Constructor.java:547) ~[?:?]
	at java.base/java.lang.reflect.Constructor.newInstanceWithCaller(Constructor.java:497) ~[?:?]
	at java.base/java.lang.reflect.Constructor.newInstance(Constructor.java:484) ~[?:?]
	at org.apache.jmeter.util.JMeterUtils.loadServicesAndScanJars(JMeterUtils.java:375) ~[ApacheJMeter_core.jar:5.6.3]
	at org.apache.jmeter.visualizers.ViewResultsFullVisualizer.createComboRender(ViewResultsFullVisualizer.java:464) ~[ApacheJMeter_components.jar:5.6.3]
	at org.apache.jmeter.visualizers.ViewResultsFullVisualizer.createLeftPanel(ViewResultsFullVisualizer.java:438) ~[ApacheJMeter_components.jar:5.6.3]
	at org.apache.jmeter.visualizers.ViewResultsFullVisualizer.init(ViewResultsFullVisualizer.java:349) ~[ApacheJMeter_components.jar:5.6.3]
	at org.apache.jmeter.visualizers.ViewResultsFullVisualizer.<init>(ViewResultsFullVisualizer.java:156) ~[ApacheJMeter_components.jar:5.6.3]
	at java.base/jdk.internal.reflect.DirectConstructorHandleAccessor.newInstance(DirectConstructorHandleAccessor.java:67) ~[?:?]
	at java.base/java.lang.reflect.Constructor.newInstanceWithCaller(Constructor.java:500) ~[?:?]
	at java.base/java.lang.reflect.Constructor.newInstance(Constructor.java:484) ~[?:?]
	at org.apache.jmeter.gui.GuiPackage.getGuiFromCache(GuiPackage.java:424) ~[ApacheJMeter_core.jar:5.6.3]
	at org.apache.jmeter.gui.GuiPackage.getGui(GuiPackage.java:267) ~[ApacheJMeter_core.jar:5.6.3]
	at org.apache.jmeter.gui.GuiPackage.getGui(GuiPackage.java:238) ~[ApacheJMeter_core.jar:5.6.3]
	at org.apache.jmeter.gui.tree.JMeterTreeModel.addComponent(JMeterTreeModel.java:160) ~[ApacheJMeter_core.jar:5.6.3]
	at org.apache.jmeter.gui.tree.JMeterTreeModel.addSubTree(JMeterTreeModel.java:131) ~[ApacheJMeter_core.jar:5.6.3]
	... 24 more
2025-01-27 07:21:22,969 ERROR o.a.j.v.ViewResultsFullVisualizer: Exception registering implementation: [com.ubikingenierie.jmeter.plugin.gwt.renderer.RenderAsGwtXmlExtractor] of interface: [interface org.apache.jmeter.visualizers.ResultRenderer], a dependency used by the plugin class is missing
java.lang.NoClassDefFoundError: Could not initialize class com.ubikingenierie.jmeter.plugin.gwt.renderer.RenderAsGwtXmlExtractor
	at java.base/jdk.internal.misc.Unsafe.ensureClassInitialized0(Native Method) ~[?:?]
	at java.base/jdk.internal.misc.Unsafe.ensureClassInitialized(Unsafe.java:1160) ~[?:?]
	at java.base/jdk.internal.reflect.MethodHandleAccessorFactory.ensureClassInitialized(MethodHandleAccessorFactory.java:300) ~[?:?]
	at java.base/jdk.internal.reflect.MethodHandleAccessorFactory.newConstructorAccessor(MethodHandleAccessorFactory.java:103) ~[?:?]
	at java.base/jdk.internal.reflect.ReflectionFactory.newConstructorAccessor(ReflectionFactory.java:200) ~[?:?]
	at java.base/java.lang.reflect.Constructor.acquireConstructorAccessor(Constructor.java:547) ~[?:?]
	at java.base/java.lang.reflect.Constructor.newInstanceWithCaller(Constructor.java:497) ~[?:?]
	at java.base/java.lang.reflect.Constructor.newInstance(Constructor.java:484) ~[?:?]
	at org.apache.jmeter.util.JMeterUtils.loadServicesAndScanJars(JMeterUtils.java:375) ~[ApacheJMeter_core.jar:5.6.3]
	at org.apache.jmeter.visualizers.ViewResultsFullVisualizer.createComboRender(ViewResultsFullVisualizer.java:464) ~[ApacheJMeter_components.jar:5.6.3]
	at org.apache.jmeter.visualizers.ViewResultsFullVisualizer.createLeftPanel(ViewResultsFullVisualizer.java:438) ~[ApacheJMeter_components.jar:5.6.3]
	at org.apache.jmeter.visualizers.ViewResultsFullVisualizer.init(ViewResultsFullVisualizer.java:349) ~[ApacheJMeter_components.jar:5.6.3]
	at org.apache.jmeter.visualizers.ViewResultsFullVisualizer.<init>(ViewResultsFullVisualizer.java:156) ~[ApacheJMeter_components.jar:5.6.3]
	at java.base/jdk.internal.reflect.DirectConstructorHandleAccessor.newInstance(DirectConstructorHandleAccessor.java:67) ~[?:?]
	at java.base/java.lang.reflect.Constructor.newInstanceWithCaller(Constructor.java:500) ~[?:?]
	at java.base/java.lang.reflect.Constructor.newInstance(Constructor.java:484) ~[?:?]
	at org.apache.jmeter.gui.GuiPackage.getGuiFromCache(GuiPackage.java:424) ~[ApacheJMeter_core.jar:5.6.3]
	at org.apache.jmeter.gui.GuiPackage.getGui(GuiPackage.java:267) ~[ApacheJMeter_core.jar:5.6.3]
	at org.apache.jmeter.gui.GuiPackage.getGui(GuiPackage.java:238) ~[ApacheJMeter_core.jar:5.6.3]
	at org.apache.jmeter.gui.tree.JMeterTreeModel.addComponent(JMeterTreeModel.java:160) ~[ApacheJMeter_core.jar:5.6.3]
	at org.apache.jmeter.gui.tree.JMeterTreeModel.addSubTree(JMeterTreeModel.java:131) ~[ApacheJMeter_core.jar:5.6.3]
	at org.apache.jmeter.gui.tree.JMeterTreeModel.addSubTree(JMeterTreeModel.java:131) ~[ApacheJMeter_core.jar:5.6.3]
	at org.apache.jmeter.gui.tree.JMeterTreeModel.addSubTree(JMeterTreeModel.java:123) ~[ApacheJMeter_core.jar:5.6.3]
	at org.apache.jmeter.gui.GuiPackage.addSubTree(GuiPackage.java:555) ~[ApacheJMeter_core.jar:5.6.3]
	at org.apache.jmeter.gui.action.Load.insertLoadedTree(Load.java:201) ~[ApacheJMeter_core.jar:5.6.3]
	at org.apache.jmeter.gui.action.Load.loadProjectFile(Load.java:132) ~[ApacheJMeter_core.jar:5.6.3]
	at org.apache.jmeter.gui.action.Load.loadProjectFile(Load.java:103) ~[ApacheJMeter_core.jar:5.6.3]
	at org.apache.jmeter.gui.action.LoadRecentProject.doActionAfterCheck(LoadRecentProject.java:74) ~[ApacheJMeter_core.jar:5.6.3]
	at org.apache.jmeter.gui.action.AbstractActionWithNoRunningTest.doAction(AbstractActionWithNoRunningTest.java:44) ~[ApacheJMeter_core.jar:5.6.3]
	at org.apache.jmeter.gui.action.ActionRouter.performAction(ActionRouter.java:83) ~[ApacheJMeter_core.jar:5.6.3]
	at org.apache.jmeter.gui.action.ActionRouter.lambda$actionPerformed$0(ActionRouter.java:65) ~[ApacheJMeter_core.jar:5.6.3]
	at java.desktop/java.awt.event.InvocationEvent.dispatch(InvocationEvent.java:318) ~[?:?]
	at java.desktop/java.awt.EventQueue.dispatchEventImpl(EventQueue.java:773) ~[?:?]
	at java.desktop/java.awt.EventQueue$4.run(EventQueue.java:720) ~[?:?]
	at java.desktop/java.awt.EventQueue$4.run(EventQueue.java:714) ~[?:?]
	at java.base/java.security.AccessController.doPrivileged(AccessController.java:400) [?:?]
	at java.base/java.security.ProtectionDomain$JavaSecurityAccessImpl.doIntersectionPrivilege(ProtectionDomain.java:87) [?:?]
	at java.desktop/java.awt.EventQueue.dispatchEvent(EventQueue.java:742) [?:?]
	at java.desktop/java.awt.EventDispatchThread.pumpOneEventForFilters(EventDispatchThread.java:203) [?:?]
	at java.desktop/java.awt.EventDispatchThread.pumpEventsForFilter(EventDispatchThread.java:124) [?:?]
	at java.desktop/java.awt.EventDispatchThread.pumpEventsForHierarchy(EventDispatchThread.java:113) [?:?]
	at java.desktop/java.awt.EventDispatchThread.pumpEvents(EventDispatchThread.java:109) [?:?]
	at java.desktop/java.awt.EventDispatchThread.pumpEvents(EventDispatchThread.java:101) [?:?]
	at java.desktop/java.awt.EventDispatchThread.run(EventDispatchThread.java:90) [?:?]
Caused by: java.lang.ExceptionInInitializerError: Exception java.lang.NoClassDefFoundError: License cannot be checked, license file is not readable or does not exists, you have setup:'C:\Program Files\Java\apache-jmeter-5.6.3\apache-jmeter-5.6.3\bin\null', check path references an existing license file and that user running jmeter can access this file or check property 'ULP.gwt.licensepath' in <jmeter_home>/bin/user.properties is correctly defined [in thread "AWT-EventQueue-0"]
	at com.ubikingenierie.jmeter.plugin.gwt.license.LM.g(LM.java:470) ~[ubik-jmeter-gwt-plugin-4.6.0.jar:4.6.0]
	at com.ubikingenierie.jmeter.plugin.gwt.renderer.RenderAsGwtXmlExtractor.<clinit>(RenderAsGwtXmlExtractor.java:66) ~[ubik-jmeter-gwt-plugin-4.6.0.jar:4.6.0]
	at java.base/jdk.internal.misc.Unsafe.ensureClassInitialized0(Native Method) ~[?:?]
	at java.base/jdk.internal.misc.Unsafe.ensureClassInitialized(Unsafe.java:1160) ~[?:?]
	at java.base/jdk.internal.reflect.MethodHandleAccessorFactory.ensureClassInitialized(MethodHandleAccessorFactory.java:300) ~[?:?]
	at java.base/jdk.internal.reflect.MethodHandleAccessorFactory.newConstructorAccessor(MethodHandleAccessorFactory.java:103) ~[?:?]
	at java.base/jdk.internal.reflect.ReflectionFactory.newConstructorAccessor(ReflectionFactory.java:200) ~[?:?]
	at java.base/java.lang.reflect.Constructor.acquireConstructorAccessor(Constructor.java:547) ~[?:?]
	at java.base/java.lang.reflect.Constructor.newInstanceWithCaller(Constructor.java:497) ~[?:?]
	at java.base/java.lang.reflect.Constructor.newInstance(Constructor.java:484) ~[?:?]
	at org.apache.jmeter.util.JMeterUtils.loadServicesAndScanJars(JMeterUtils.java:375) ~[ApacheJMeter_core.jar:5.6.3]
	at org.apache.jmeter.visualizers.ViewResultsFullVisualizer.createComboRender(ViewResultsFullVisualizer.java:464) ~[ApacheJMeter_components.jar:5.6.3]
	at org.apache.jmeter.visualizers.ViewResultsFullVisualizer.createLeftPanel(ViewResultsFullVisualizer.java:438) ~[ApacheJMeter_components.jar:5.6.3]
	at org.apache.jmeter.visualizers.ViewResultsFullVisualizer.init(ViewResultsFullVisualizer.java:349) ~[ApacheJMeter_components.jar:5.6.3]
	at org.apache.jmeter.visualizers.ViewResultsFullVisualizer.<init>(ViewResultsFullVisualizer.java:156) ~[ApacheJMeter_components.jar:5.6.3]
	at java.base/jdk.internal.reflect.DirectConstructorHandleAccessor.newInstance(DirectConstructorHandleAccessor.java:67) ~[?:?]
	at java.base/java.lang.reflect.Constructor.newInstanceWithCaller(Constructor.java:500) ~[?:?]
	at java.base/java.lang.reflect.Constructor.newInstance(Constructor.java:484) ~[?:?]
	at org.apache.jmeter.gui.GuiPackage.getGuiFromCache(GuiPackage.java:424) ~[ApacheJMeter_core.jar:5.6.3]
	at org.apache.jmeter.gui.GuiPackage.getGui(GuiPackage.java:267) ~[ApacheJMeter_core.jar:5.6.3]
	at org.apache.jmeter.gui.GuiPackage.getGui(GuiPackage.java:238) ~[ApacheJMeter_core.jar:5.6.3]
	at org.apache.jmeter.gui.tree.JMeterTreeModel.addComponent(JMeterTreeModel.java:160) ~[ApacheJMeter_core.jar:5.6.3]
	at org.apache.jmeter.gui.tree.JMeterTreeModel.addSubTree(JMeterTreeModel.java:131) ~[ApacheJMeter_core.jar:5.6.3]
	... 24 more
2025-01-27 07:21:22,996 INFO o.a.j.r.ClassFinder: Will scan jar C:\Program Files\Java\apache-jmeter-5.6.3\apache-jmeter-5.6.3\lib\ext\jmeter-formman-1.0.jar with filter ExtendsClassFilter [parents=[interface org.apache.jmeter.visualizers.RequestView], inner=false, contains=null, notContains=null]. Consider exposing JMeter plugins via META-INF/services, and add JMeter-Skip-Class-Scanning=true manifest attribute so JMeter can skip classfile scanning
2025-01-27 07:21:22,996 INFO o.a.j.r.ClassFinder: Will scan jar C:\Program Files\Java\apache-jmeter-5.6.3\apache-jmeter-5.6.3\lib\ext\jmeter-datadog-backend-listener-0.5.0.jar with filter ExtendsClassFilter [parents=[interface org.apache.jmeter.visualizers.RequestView], inner=false, contains=null, notContains=null]. Consider exposing JMeter plugins via META-INF/services, and add JMeter-Skip-Class-Scanning=true manifest attribute so JMeter can skip classfile scanning
2025-01-27 07:21:23,001 INFO o.a.j.r.ClassFinder: Will scan jar C:\Program Files\Java\apache-jmeter-5.6.3\apache-jmeter-5.6.3\lib\ext\jmeter-plugins-jmxmon-0.3.jar with filter ExtendsClassFilter [parents=[interface org.apache.jmeter.visualizers.RequestView], inner=false, contains=null, notContains=null]. Consider exposing JMeter plugins via META-INF/services, and add JMeter-Skip-Class-Scanning=true manifest attribute so JMeter can skip classfile scanning
2025-01-27 07:21:23,001 INFO o.a.j.r.ClassFinder: Will scan jar C:\Program Files\Java\apache-jmeter-5.6.3\apache-jmeter-5.6.3\lib\ext\jmeter-plugins-graphs-ggl-2.0.jar with filter ExtendsClassFilter [parents=[interface org.apache.jmeter.visualizers.RequestView], inner=false, contains=null, notContains=null]. Consider exposing JMeter plugins via META-INF/services, and add JMeter-Skip-Class-Scanning=true manifest attribute so JMeter can skip classfile scanning
2025-01-27 07:21:23,001 INFO o.a.j.r.ClassFinder: Will scan jar C:\Program Files\Java\apache-jmeter-5.6.3\apache-jmeter-5.6.3\lib\ext\jmeter.pack-listener-1.7.jar with filter ExtendsClassFilter [parents=[interface org.apache.jmeter.visualizers.RequestView], inner=false, contains=null, notContains=null]. Consider exposing JMeter plugins via META-INF/services, and add JMeter-Skip-Class-Scanning=true manifest attribute so JMeter can skip classfile scanning
2025-01-27 07:21:23,006 INFO o.a.j.r.ClassFinder: Will scan jar C:\Program Files\Java\apache-jmeter-5.6.3\apache-jmeter-5.6.3\lib\ext\jmeter-dynatrace-plugin-1.8.0.jar with filter ExtendsClassFilter [parents=[interface org.apache.jmeter.visualizers.RequestView], inner=false, contains=null, notContains=null]. Consider exposing JMeter plugins via META-INF/services, and add JMeter-Skip-Class-Scanning=true manifest attribute so JMeter can skip classfile scanning
2025-01-27 07:21:23,006 INFO o.a.j.r.ClassFinder: Will scan jar C:\Program Files\Java\apache-jmeter-5.6.3\apache-jmeter-5.6.3\lib\ext\jmeter-atakama-backend-1.5.0.jar with filter ExtendsClassFilter [parents=[interface org.apache.jmeter.visualizers.RequestView], inner=false, contains=null, notContains=null]. Consider exposing JMeter plugins via META-INF/services, and add JMeter-Skip-Class-Scanning=true manifest attribute so JMeter can skip classfile scanning
2025-01-27 07:21:23,007 INFO o.a.j.r.ClassFinder: Will scan jar C:\Program Files\Java\apache-jmeter-5.6.3\apache-jmeter-5.6.3\lib\ext\jmeter-plugins-manager-1.10.jar with filter ExtendsClassFilter [parents=[interface org.apache.jmeter.visualizers.RequestView], inner=false, contains=null, notContains=null]. Consider exposing JMeter plugins via META-INF/services, and add JMeter-Skip-Class-Scanning=true manifest attribute so JMeter can skip classfile scanning
2025-01-27 07:21:23,007 INFO o.a.j.r.ClassFinder: Will scan jar C:\Program Files\Java\apache-jmeter-5.6.3\apache-jmeter-5.6.3\lib\ext\otel-apm-jmeter-plugin-1.0-jar-with-dependencies.jar with filter ExtendsClassFilter [parents=[interface org.apache.jmeter.visualizers.RequestView], inner=false, contains=null, notContains=null]. Consider exposing JMeter plugins via META-INF/services, and add JMeter-Skip-Class-Scanning=true manifest attribute so JMeter can skip classfile scanning
2025-01-27 07:21:23,008 INFO o.a.j.r.ClassFinder: Will scan jar C:\Program Files\Java\apache-jmeter-5.6.3\apache-jmeter-5.6.3\lib\ext\jmeter-plugins-graphs-basic-2.0.jar with filter ExtendsClassFilter [parents=[interface org.apache.jmeter.visualizers.RequestView], inner=false, contains=null, notContains=null]. Consider exposing JMeter plugins via META-INF/services, and add JMeter-Skip-Class-Scanning=true manifest attribute so JMeter can skip classfile scanning
2025-01-27 07:21:23,008 INFO o.a.j.r.ClassFinder: Will scan jar C:\Program Files\Java\apache-jmeter-5.6.3\apache-jmeter-5.6.3\lib\ext\jmeter-plugins-rotating-listener-0.2.jar with filter ExtendsClassFilter [parents=[interface org.apache.jmeter.visualizers.RequestView], inner=false, contains=null, notContains=null]. Consider exposing JMeter plugins via META-INF/services, and add JMeter-Skip-Class-Scanning=true manifest attribute so JMeter can skip classfile scanning
2025-01-27 07:21:23,008 INFO o.a.j.r.ClassFinder: Will scan jar C:\Program Files\Java\apache-jmeter-5.6.3\apache-jmeter-5.6.3\lib\ext\jmeter-plugins-autostop-0.2.jar with filter ExtendsClassFilter [parents=[interface org.apache.jmeter.visualizers.RequestView], inner=false, contains=null, notContains=null]. Consider exposing JMeter plugins via META-INF/services, and add JMeter-Skip-Class-Scanning=true manifest attribute so JMeter can skip classfile scanning
2025-01-27 07:21:23,008 INFO o.a.j.r.ClassFinder: Will scan jar C:\Program Files\Java\apache-jmeter-5.6.3\apache-jmeter-5.6.3\lib\ext\ubik-jmeter-gwt-plugin-4.6.0.jar with filter ExtendsClassFilter [parents=[interface org.apache.jmeter.visualizers.RequestView], inner=false, contains=null, notContains=null]. Consider exposing JMeter plugins via META-INF/services, and add JMeter-Skip-Class-Scanning=true manifest attribute so JMeter can skip classfile scanning
2025-01-27 07:21:23,013 INFO o.a.j.r.ClassFinder: Will scan jar C:\Program Files\Java\apache-jmeter-5.6.3\apache-jmeter-5.6.3\lib\ext\jmeter-plugins-senseuploader-3.5.jar with filter ExtendsClassFilter [parents=[interface org.apache.jmeter.visualizers.RequestView], inner=false, contains=null, notContains=null]. Consider exposing JMeter plugins via META-INF/services, and add JMeter-Skip-Class-Scanning=true manifest attribute so JMeter can skip classfile scanning
2025-01-27 07:21:23,014 INFO o.a.j.r.ClassFinder: Will scan jar C:\Program Files\Java\apache-jmeter-5.6.3\apache-jmeter-5.6.3\lib\ext\jmeter.backendlistener.elasticsearch-2.7.1.jar with filter ExtendsClassFilter [parents=[interface org.apache.jmeter.visualizers.RequestView], inner=false, contains=null, notContains=null]. Consider exposing JMeter plugins via META-INF/services, and add JMeter-Skip-Class-Scanning=true manifest attribute so JMeter can skip classfile scanning
2025-01-27 07:21:23,019 INFO o.a.j.r.ClassFinder: Will scan jar C:\Program Files\Java\apache-jmeter-5.6.3\apache-jmeter-5.6.3\lib\ext\jmeter-plugins-table-server-5.0.jar with filter ExtendsClassFilter [parents=[interface org.apache.jmeter.visualizers.RequestView], inner=false, contains=null, notContains=null]. Consider exposing JMeter plugins via META-INF/services, and add JMeter-Skip-Class-Scanning=true manifest attribute so JMeter can skip classfile scanning
2025-01-27 07:21:23,020 INFO o.a.j.r.ClassFinder: Will scan jar C:\Program Files\Java\apache-jmeter-5.6.3\apache-jmeter-5.6.3\lib\ext\jmeter-plugins-httpraw-0.1.jar with filter ExtendsClassFilter [parents=[interface org.apache.jmeter.visualizers.RequestView], inner=false, contains=null, notContains=null]. Consider exposing JMeter plugins via META-INF/services, and add JMeter-Skip-Class-Scanning=true manifest attribute so JMeter can skip classfile scanning
2025-01-27 07:21:23,020 INFO o.a.j.r.ClassFinder: Will scan jar C:\Program Files\Java\apache-jmeter-5.6.3\apache-jmeter-5.6.3\lib\ext\jmeter.backendlistener.azure-0.2.9.jar with filter ExtendsClassFilter [parents=[interface org.apache.jmeter.visualizers.RequestView], inner=false, contains=null, notContains=null]. Consider exposing JMeter plugins via META-INF/services, and add JMeter-Skip-Class-Scanning=true manifest attribute so JMeter can skip classfile scanning
2025-01-27 07:21:23,026 INFO o.a.j.r.ClassFinder: Will scan jar C:\Program Files\Java\apache-jmeter-5.6.3\apache-jmeter-5.6.3\lib\ext\jmeter.backendlistener.kafka-1.0.0.jar with filter ExtendsClassFilter [parents=[interface org.apache.jmeter.visualizers.RequestView], inner=false, contains=null, notContains=null]. Consider exposing JMeter plugins via META-INF/services, and add JMeter-Skip-Class-Scanning=true manifest attribute so JMeter can skip classfile scanning
2025-01-27 07:21:23,031 INFO o.a.j.r.ClassFinder: Will scan jar C:\Program Files\Java\apache-jmeter-5.6.3\apache-jmeter-5.6.3\lib\ext\citrix-jmeter-0.7.7.jar with filter ExtendsClassFilter [parents=[interface org.apache.jmeter.visualizers.RequestView], inner=false, contains=null, notContains=null]. Consider exposing JMeter plugins via META-INF/services, and add JMeter-Skip-Class-Scanning=true manifest attribute so JMeter can skip classfile scanning
2025-01-27 07:21:23,034 INFO o.a.j.r.ClassFinder: Will scan jar C:\Program Files\Java\apache-jmeter-5.6.3\apache-jmeter-5.6.3\lib\ext\rapi-jmeter-plugins-1.0.2.jar with filter ExtendsClassFilter [parents=[interface org.apache.jmeter.visualizers.RequestView], inner=false, contains=null, notContains=null]. Consider exposing JMeter plugins via META-INF/services, and add JMeter-Skip-Class-Scanning=true manifest attribute so JMeter can skip classfile scanning
2025-01-27 07:21:23,034 INFO o.a.j.r.ClassFinder: Will scan jar C:\Program Files\Java\apache-jmeter-5.6.3\apache-jmeter-5.6.3\lib\ext\jmeter-plugins-casutg-2.10.jar with filter ExtendsClassFilter [parents=[interface org.apache.jmeter.visualizers.RequestView], inner=false, contains=null, notContains=null]. Consider exposing JMeter plugins via META-INF/services, and add JMeter-Skip-Class-Scanning=true manifest attribute so JMeter can skip classfile scanning
2025-01-27 07:21:23,034 INFO o.a.j.r.ClassFinder: Will scan jar C:\Program Files\Java\apache-jmeter-5.6.3\apache-jmeter-5.6.3\lib\ext\jmeter-plugins-dbmon-0.1.jar with filter ExtendsClassFilter [parents=[interface org.apache.jmeter.visualizers.RequestView], inner=false, contains=null, notContains=null]. Consider exposing JMeter plugins via META-INF/services, and add JMeter-Skip-Class-Scanning=true manifest attribute so JMeter can skip classfile scanning
2025-01-27 07:21:23,034 INFO o.a.j.r.ClassFinder: Will scan jar C:\Program Files\Java\apache-jmeter-5.6.3\apache-jmeter-5.6.3\lib\ext\jmeter-plugins-casutg-3.0.jar with filter ExtendsClassFilter [parents=[interface org.apache.jmeter.visualizers.RequestView], inner=false, contains=null, notContains=null]. Consider exposing JMeter plugins via META-INF/services, and add JMeter-Skip-Class-Scanning=true manifest attribute so JMeter can skip classfile scanning
2025-01-27 07:21:23,035 INFO o.a.j.r.ClassFinder: Will scan jar C:\Program Files\Java\apache-jmeter-5.6.3\apache-jmeter-5.6.3\lib\ext\jmeter-plugins-perfmon-2.1.jar with filter ExtendsClassFilter [parents=[interface org.apache.jmeter.visualizers.RequestView], inner=false, contains=null, notContains=null]. Consider exposing JMeter plugins via META-INF/services, and add JMeter-Skip-Class-Scanning=true manifest attribute so JMeter can skip classfile scanning
2025-01-27 07:21:23,035 INFO o.a.j.r.ClassFinder: Will scan jar C:\Program Files\Java\apache-jmeter-5.6.3\apache-jmeter-5.6.3\lib\ext\jmeter-prometheus-plugin-0.6.0.jar with filter ExtendsClassFilter [parents=[interface org.apache.jmeter.visualizers.RequestView], inner=false, contains=null, notContains=null]. Consider exposing JMeter plugins via META-INF/services, and add JMeter-Skip-Class-Scanning=true manifest attribute so JMeter can skip classfile scanning
2025-01-27 07:21:23,036 INFO o.a.j.r.ClassFinder: Will scan jar C:\Program Files\Java\apache-jmeter-5.6.3\apache-jmeter-5.6.3\lib\ext\ulp-observability-listener-1.1.0.jar with filter ExtendsClassFilter [parents=[interface org.apache.jmeter.visualizers.RequestView], inner=false, contains=null, notContains=null]. Consider exposing JMeter plugins via META-INF/services, and add JMeter-Skip-Class-Scanning=true manifest attribute so JMeter can skip classfile scanning
2025-01-27 07:21:23,036 INFO o.a.j.r.ClassFinder: Will scan jar C:\Program Files\Java\apache-jmeter-5.6.3\apache-jmeter-5.6.3\lib\ext\jmeter-plugins-graphs-additional-2.0.jar with filter ExtendsClassFilter [parents=[interface org.apache.jmeter.visualizers.RequestView], inner=false, contains=null, notContains=null]. Consider exposing JMeter plugins via META-INF/services, and add JMeter-Skip-Class-Scanning=true manifest attribute so JMeter can skip classfile scanning
2025-01-27 07:21:23,036 INFO o.a.j.r.ClassFinder: Will scan jar C:\Program Files\Java\apache-jmeter-5.6.3\apache-jmeter-5.6.3\lib\ext\elastic-apm-jmeter-plugin-2.0-jar-with-dependencies.jar with filter ExtendsClassFilter [parents=[interface org.apache.jmeter.visualizers.RequestView], inner=false, contains=null, notContains=null]. Consider exposing JMeter plugins via META-INF/services, and add JMeter-Skip-Class-Scanning=true manifest attribute so JMeter can skip classfile scanning
2025-01-27 07:21:23,036 INFO o.a.j.r.ClassFinder: Will scan jar C:\Program Files\Java\apache-jmeter-5.6.3\apache-jmeter-5.6.3\lib\ext\jmeter-plugins-cmd-2.2.jar with filter ExtendsClassFilter [parents=[interface org.apache.jmeter.visualizers.RequestView], inner=false, contains=null, notContains=null]. Consider exposing JMeter plugins via META-INF/services, and add JMeter-Skip-Class-Scanning=true manifest attribute so JMeter can skip classfile scanning
2025-01-27 07:21:23,036 INFO o.a.j.r.ClassFinder: Will scan jar C:\Program Files\Java\apache-jmeter-5.6.3\apache-jmeter-5.6.3\lib\ext\jmeter-plugins-csl-0.1.jar with filter ExtendsClassFilter [parents=[interface org.apache.jmeter.visualizers.RequestView], inner=false, contains=null, notContains=null]. Consider exposing JMeter plugins via META-INF/services, and add JMeter-Skip-Class-Scanning=true manifest attribute so JMeter can skip classfile scanning
2025-01-27 07:21:23,036 ERROR o.a.j.v.RequestPanel: Exception registering implementation: [com.ubikingenierie.jmeter.plugin.gwt.view.RequestViewAsGwtRPCRaw] of interface: [interface org.apache.jmeter.visualizers.RequestView], a dependency used by the plugin class is missing
java.lang.NoClassDefFoundError: Could not initialize class com.ubikingenierie.jmeter.plugin.gwt.view.RequestViewAsGwtRPCRaw
	at java.base/jdk.internal.misc.Unsafe.ensureClassInitialized0(Native Method) ~[?:?]
	at java.base/jdk.internal.misc.Unsafe.ensureClassInitialized(Unsafe.java:1160) ~[?:?]
	at java.base/jdk.internal.reflect.MethodHandleAccessorFactory.ensureClassInitialized(MethodHandleAccessorFactory.java:300) ~[?:?]
	at java.base/jdk.internal.reflect.MethodHandleAccessorFactory.newConstructorAccessor(MethodHandleAccessorFactory.java:103) ~[?:?]
	at java.base/jdk.internal.reflect.ReflectionFactory.newConstructorAccessor(ReflectionFactory.java:200) ~[?:?]
	at java.base/java.lang.reflect.Constructor.acquireConstructorAccessor(Constructor.java:547) ~[?:?]
	at java.base/java.lang.reflect.Constructor.newInstanceWithCaller(Constructor.java:497) ~[?:?]
	at java.base/java.lang.reflect.Constructor.newInstance(Constructor.java:484) ~[?:?]
	at org.apache.jmeter.util.JMeterUtils.loadServicesAndScanJars(JMeterUtils.java:375) ~[ApacheJMeter_core.jar:5.6.3]
	at org.apache.jmeter.visualizers.RequestPanel.<init>(RequestPanel.java:56) ~[ApacheJMeter_components.jar:5.6.3]
	at org.apache.jmeter.visualizers.SamplerResultTab.init(SamplerResultTab.java:241) ~[ApacheJMeter_components.jar:5.6.3]
	at org.apache.jmeter.visualizers.ViewResultsFullVisualizer.init(ViewResultsFullVisualizer.java:367) ~[ApacheJMeter_components.jar:5.6.3]
	at org.apache.jmeter.visualizers.ViewResultsFullVisualizer.<init>(ViewResultsFullVisualizer.java:156) ~[ApacheJMeter_components.jar:5.6.3]
	at java.base/jdk.internal.reflect.DirectConstructorHandleAccessor.newInstance(DirectConstructorHandleAccessor.java:67) ~[?:?]
	at java.base/java.lang.reflect.Constructor.newInstanceWithCaller(Constructor.java:500) ~[?:?]
	at java.base/java.lang.reflect.Constructor.newInstance(Constructor.java:484) ~[?:?]
	at org.apache.jmeter.gui.GuiPackage.getGuiFromCache(GuiPackage.java:424) ~[ApacheJMeter_core.jar:5.6.3]
	at org.apache.jmeter.gui.GuiPackage.getGui(GuiPackage.java:267) ~[ApacheJMeter_core.jar:5.6.3]
	at org.apache.jmeter.gui.GuiPackage.getGui(GuiPackage.java:238) ~[ApacheJMeter_core.jar:5.6.3]
	at org.apache.jmeter.gui.tree.JMeterTreeModel.addComponent(JMeterTreeModel.java:160) ~[ApacheJMeter_core.jar:5.6.3]
	at org.apache.jmeter.gui.tree.JMeterTreeModel.addSubTree(JMeterTreeModel.java:131) ~[ApacheJMeter_core.jar:5.6.3]
	at org.apache.jmeter.gui.tree.JMeterTreeModel.addSubTree(JMeterTreeModel.java:131) ~[ApacheJMeter_core.jar:5.6.3]
	at org.apache.jmeter.gui.tree.JMeterTreeModel.addSubTree(JMeterTreeModel.java:123) ~[ApacheJMeter_core.jar:5.6.3]
	at org.apache.jmeter.gui.GuiPackage.addSubTree(GuiPackage.java:555) ~[ApacheJMeter_core.jar:5.6.3]
	at org.apache.jmeter.gui.action.Load.insertLoadedTree(Load.java:201) ~[ApacheJMeter_core.jar:5.6.3]
	at org.apache.jmeter.gui.action.Load.loadProjectFile(Load.java:132) ~[ApacheJMeter_core.jar:5.6.3]
	at org.apache.jmeter.gui.action.Load.loadProjectFile(Load.java:103) ~[ApacheJMeter_core.jar:5.6.3]
	at org.apache.jmeter.gui.action.LoadRecentProject.doActionAfterCheck(LoadRecentProject.java:74) ~[ApacheJMeter_core.jar:5.6.3]
	at org.apache.jmeter.gui.action.AbstractActionWithNoRunningTest.doAction(AbstractActionWithNoRunningTest.java:44) ~[ApacheJMeter_core.jar:5.6.3]
	at org.apache.jmeter.gui.action.ActionRouter.performAction(ActionRouter.java:83) ~[ApacheJMeter_core.jar:5.6.3]
	at org.apache.jmeter.gui.action.ActionRouter.lambda$actionPerformed$0(ActionRouter.java:65) ~[ApacheJMeter_core.jar:5.6.3]
	at java.desktop/java.awt.event.InvocationEvent.dispatch(InvocationEvent.java:318) ~[?:?]
	at java.desktop/java.awt.EventQueue.dispatchEventImpl(EventQueue.java:773) ~[?:?]
	at java.desktop/java.awt.EventQueue$4.run(EventQueue.java:720) ~[?:?]
	at java.desktop/java.awt.EventQueue$4.run(EventQueue.java:714) ~[?:?]
	at java.base/java.security.AccessController.doPrivileged(AccessController.java:400) [?:?]
	at java.base/java.security.ProtectionDomain$JavaSecurityAccessImpl.doIntersectionPrivilege(ProtectionDomain.java:87) [?:?]
	at java.desktop/java.awt.EventQueue.dispatchEvent(EventQueue.java:742) [?:?]
	at java.desktop/java.awt.EventDispatchThread.pumpOneEventForFilters(EventDispatchThread.java:203) [?:?]
	at java.desktop/java.awt.EventDispatchThread.pumpEventsForFilter(EventDispatchThread.java:124) [?:?]
	at java.desktop/java.awt.EventDispatchThread.pumpEventsForHierarchy(EventDispatchThread.java:113) [?:?]
	at java.desktop/java.awt.EventDispatchThread.pumpEvents(EventDispatchThread.java:109) [?:?]
	at java.desktop/java.awt.EventDispatchThread.pumpEvents(EventDispatchThread.java:101) [?:?]
	at java.desktop/java.awt.EventDispatchThread.run(EventDispatchThread.java:90) [?:?]
Caused by: java.lang.ExceptionInInitializerError: Exception java.lang.NoClassDefFoundError: License cannot be checked, license file is not readable or does not exists, you have setup:'C:\Program Files\Java\apache-jmeter-5.6.3\apache-jmeter-5.6.3\bin\null', check path references an existing license file and that user running jmeter can access this file or check property 'ULP.gwt.licensepath' in <jmeter_home>/bin/user.properties is correctly defined [in thread "AWT-EventQueue-0"]
	at com.ubikingenierie.jmeter.plugin.gwt.license.LM.g(LM.java:470) ~[ubik-jmeter-gwt-plugin-4.6.0.jar:4.6.0]
	at com.ubikingenierie.jmeter.plugin.gwt.view.RequestViewAsGwtRPCRaw.<clinit>(RequestViewAsGwtRPCRaw.java:49) ~[ubik-jmeter-gwt-plugin-4.6.0.jar:4.6.0]
	at java.base/jdk.internal.misc.Unsafe.ensureClassInitialized0(Native Method) ~[?:?]
	at java.base/jdk.internal.misc.Unsafe.ensureClassInitialized(Unsafe.java:1160) ~[?:?]
	at java.base/jdk.internal.reflect.MethodHandleAccessorFactory.ensureClassInitialized(MethodHandleAccessorFactory.java:300) ~[?:?]
	at java.base/jdk.internal.reflect.MethodHandleAccessorFactory.newConstructorAccessor(MethodHandleAccessorFactory.java:103) ~[?:?]
	at java.base/jdk.internal.reflect.ReflectionFactory.newConstructorAccessor(ReflectionFactory.java:200) ~[?:?]
	at java.base/java.lang.reflect.Constructor.acquireConstructorAccessor(Constructor.java:547) ~[?:?]
	at java.base/java.lang.reflect.Constructor.newInstanceWithCaller(Constructor.java:497) ~[?:?]
	at java.base/java.lang.reflect.Constructor.newInstance(Constructor.java:484) ~[?:?]
	at org.apache.jmeter.util.JMeterUtils.loadServicesAndScanJars(JMeterUtils.java:375) ~[ApacheJMeter_core.jar:5.6.3]
	at org.apache.jmeter.visualizers.RequestPanel.<init>(RequestPanel.java:56) ~[ApacheJMeter_components.jar:5.6.3]
	at org.apache.jmeter.visualizers.SamplerResultTab.init(SamplerResultTab.java:241) ~[ApacheJMeter_components.jar:5.6.3]
	at org.apache.jmeter.visualizers.ViewResultsFullVisualizer.init(ViewResultsFullVisualizer.java:367) ~[ApacheJMeter_components.jar:5.6.3]
	at org.apache.jmeter.visualizers.ViewResultsFullVisualizer.<init>(ViewResultsFullVisualizer.java:156) ~[ApacheJMeter_components.jar:5.6.3]
	at java.base/jdk.internal.reflect.DirectConstructorHandleAccessor.newInstance(DirectConstructorHandleAccessor.java:67) ~[?:?]
	at java.base/java.lang.reflect.Constructor.newInstanceWithCaller(Constructor.java:500) ~[?:?]
	at java.base/java.lang.reflect.Constructor.newInstance(Constructor.java:484) ~[?:?]
	at org.apache.jmeter.gui.GuiPackage.getGuiFromCache(GuiPackage.java:424) ~[ApacheJMeter_core.jar:5.6.3]
	at org.apache.jmeter.gui.GuiPackage.getGui(GuiPackage.java:267) ~[ApacheJMeter_core.jar:5.6.3]
	at org.apache.jmeter.gui.GuiPackage.getGui(GuiPackage.java:238) ~[ApacheJMeter_core.jar:5.6.3]
	at org.apache.jmeter.gui.tree.JMeterTreeModel.addComponent(JMeterTreeModel.java:160) ~[ApacheJMeter_core.jar:5.6.3]
	at org.apache.jmeter.gui.tree.JMeterTreeModel.addSubTree(JMeterTreeModel.java:131) ~[ApacheJMeter_core.jar:5.6.3]
	... 24 more
2025-01-27 07:21:23,075 INFO o.a.j.s.FileServer: Set new base='C:\Users\victor.ibarguen\Desktop'
2025-01-27 07:21:53,940 INFO o.a.j.g.a.LogLevelCommand: Setting root log level: OFF
2025-01-27 07:21:57,384 INFO o.a.j.r.ClassFinder: Will scan jar C:\Program Files\Java\apache-jmeter-5.6.3\apache-jmeter-5.6.3\lib\ext\jmeter-formman-1.0.jar with filter ExtendsClassFilter [parents=[interface org.apache.jmeter.functions.Function], inner=false, contains=null, notContains=null]. Consider exposing JMeter plugins via META-INF/services, and add JMeter-Skip-Class-Scanning=true manifest attribute so JMeter can skip classfile scanning
2025-01-27 07:21:57,384 INFO o.a.j.r.ClassFinder: Will scan jar C:\Program Files\Java\apache-jmeter-5.6.3\apache-jmeter-5.6.3\lib\ext\jmeter-datadog-backend-listener-0.5.0.jar with filter ExtendsClassFilter [parents=[interface org.apache.jmeter.functions.Function], inner=false, contains=null, notContains=null]. Consider exposing JMeter plugins via META-INF/services, and add JMeter-Skip-Class-Scanning=true manifest attribute so JMeter can skip classfile scanning
2025-01-27 07:21:57,386 INFO o.a.j.r.ClassFinder: Will scan jar C:\Program Files\Java\apache-jmeter-5.6.3\apache-jmeter-5.6.3\lib\ext\jmeter-plugins-jmxmon-0.3.jar with filter ExtendsClassFilter [parents=[interface org.apache.jmeter.functions.Function], inner=false, contains=null, notContains=null]. Consider exposing JMeter plugins via META-INF/services, and add JMeter-Skip-Class-Scanning=true manifest attribute so JMeter can skip classfile scanning
2025-01-27 07:21:57,386 INFO o.a.j.r.ClassFinder: Will scan jar C:\Program Files\Java\apache-jmeter-5.6.3\apache-jmeter-5.6.3\lib\ext\jmeter-plugins-graphs-ggl-2.0.jar with filter ExtendsClassFilter [parents=[interface org.apache.jmeter.functions.Function], inner=false, contains=null, notContains=null]. Consider exposing JMeter plugins via META-INF/services, and add JMeter-Skip-Class-Scanning=true manifest attribute so JMeter can skip classfile scanning
2025-01-27 07:21:57,386 INFO o.a.j.r.ClassFinder: Will scan jar C:\Program Files\Java\apache-jmeter-5.6.3\apache-jmeter-5.6.3\lib\ext\jmeter.pack-listener-1.7.jar with filter ExtendsClassFilter [parents=[interface org.apache.jmeter.functions.Function], inner=false, contains=null, notContains=null]. Consider exposing JMeter plugins via META-INF/services, and add JMeter-Skip-Class-Scanning=true manifest attribute so JMeter can skip classfile scanning
2025-01-27 07:21:57,392 INFO o.a.j.r.ClassFinder: Will scan jar C:\Program Files\Java\apache-jmeter-5.6.3\apache-jmeter-5.6.3\lib\ext\jmeter-dynatrace-plugin-1.8.0.jar with filter ExtendsClassFilter [parents=[interface org.apache.jmeter.functions.Function], inner=false, contains=null, notContains=null]. Consider exposing JMeter plugins via META-INF/services, and add JMeter-Skip-Class-Scanning=true manifest attribute so JMeter can skip classfile scanning
2025-01-27 07:21:57,392 INFO o.a.j.r.ClassFinder: Will scan jar C:\Program Files\Java\apache-jmeter-5.6.3\apache-jmeter-5.6.3\lib\ext\jmeter-atakama-backend-1.5.0.jar with filter ExtendsClassFilter [parents=[interface org.apache.jmeter.functions.Function], inner=false, contains=null, notContains=null]. Consider exposing JMeter plugins via META-INF/services, and add JMeter-Skip-Class-Scanning=true manifest attribute so JMeter can skip classfile scanning
2025-01-27 07:21:57,392 INFO o.a.j.r.ClassFinder: Will scan jar C:\Program Files\Java\apache-jmeter-5.6.3\apache-jmeter-5.6.3\lib\ext\jmeter-plugins-manager-1.10.jar with filter ExtendsClassFilter [parents=[interface org.apache.jmeter.functions.Function], inner=false, contains=null, notContains=null]. Consider exposing JMeter plugins via META-INF/services, and add JMeter-Skip-Class-Scanning=true manifest attribute so JMeter can skip classfile scanning
2025-01-27 07:21:57,394 INFO o.a.j.r.ClassFinder: Will scan jar C:\Program Files\Java\apache-jmeter-5.6.3\apache-jmeter-5.6.3\lib\ext\otel-apm-jmeter-plugin-1.0-jar-with-dependencies.jar with filter ExtendsClassFilter [parents=[interface org.apache.jmeter.functions.Function], inner=false, contains=null, notContains=null]. Consider exposing JMeter plugins via META-INF/services, and add JMeter-Skip-Class-Scanning=true manifest attribute so JMeter can skip classfile scanning
2025-01-27 07:21:57,394 INFO o.a.j.r.ClassFinder: Will scan jar C:\Program Files\Java\apache-jmeter-5.6.3\apache-jmeter-5.6.3\lib\ext\jmeter-plugins-graphs-basic-2.0.jar with filter ExtendsClassFilter [parents=[interface org.apache.jmeter.functions.Function], inner=false, contains=null, notContains=null]. Consider exposing JMeter plugins via META-INF/services, and add JMeter-Skip-Class-Scanning=true manifest attribute so JMeter can skip classfile scanning
2025-01-27 07:21:57,395 INFO o.a.j.r.ClassFinder: Will scan jar C:\Program Files\Java\apache-jmeter-5.6.3\apache-jmeter-5.6.3\lib\ext\jmeter-plugins-rotating-listener-0.2.jar with filter ExtendsClassFilter [parents=[interface org.apache.jmeter.functions.Function], inner=false, contains=null, notContains=null]. Consider exposing JMeter plugins via META-INF/services, and add JMeter-Skip-Class-Scanning=true manifest attribute so JMeter can skip classfile scanning
2025-01-27 07:21:57,395 INFO o.a.j.r.ClassFinder: Will scan jar C:\Program Files\Java\apache-jmeter-5.6.3\apache-jmeter-5.6.3\lib\ext\jmeter-plugins-autostop-0.2.jar with filter ExtendsClassFilter [parents=[interface org.apache.jmeter.functions.Function], inner=false, contains=null, notContains=null]. Consider exposing JMeter plugins via META-INF/services, and add JMeter-Skip-Class-Scanning=true manifest attribute so JMeter can skip classfile scanning
2025-01-27 07:21:57,395 INFO o.a.j.r.ClassFinder: Will scan jar C:\Program Files\Java\apache-jmeter-5.6.3\apache-jmeter-5.6.3\lib\ext\ubik-jmeter-gwt-plugin-4.6.0.jar with filter ExtendsClassFilter [parents=[interface org.apache.jmeter.functions.Function], inner=false, contains=null, notContains=null]. Consider exposing JMeter plugins via META-INF/services, and add JMeter-Skip-Class-Scanning=true manifest attribute so JMeter can skip classfile scanning
2025-01-27 07:21:57,400 INFO o.a.j.r.ClassFinder: Will scan jar C:\Program Files\Java\apache-jmeter-5.6.3\apache-jmeter-5.6.3\lib\ext\jmeter-plugins-senseuploader-3.5.jar with filter ExtendsClassFilter [parents=[interface org.apache.jmeter.functions.Function], inner=false, contains=null, notContains=null]. Consider exposing JMeter plugins via META-INF/services, and add JMeter-Skip-Class-Scanning=true manifest attribute so JMeter can skip classfile scanning
2025-01-27 07:21:57,400 INFO o.a.j.r.ClassFinder: Will scan jar C:\Program Files\Java\apache-jmeter-5.6.3\apache-jmeter-5.6.3\lib\ext\jmeter.backendlistener.elasticsearch-2.7.1.jar with filter ExtendsClassFilter [parents=[interface org.apache.jmeter.functions.Function], inner=false, contains=null, notContains=null]. Consider exposing JMeter plugins via META-INF/services, and add JMeter-Skip-Class-Scanning=true manifest attribute so JMeter can skip classfile scanning
2025-01-27 07:21:57,406 INFO o.a.j.r.ClassFinder: Will scan jar C:\Program Files\Java\apache-jmeter-5.6.3\apache-jmeter-5.6.3\lib\ext\jmeter-plugins-table-server-5.0.jar with filter ExtendsClassFilter [parents=[interface org.apache.jmeter.functions.Function], inner=false, contains=null, notContains=null]. Consider exposing JMeter plugins via META-INF/services, and add JMeter-Skip-Class-Scanning=true manifest attribute so JMeter can skip classfile scanning
2025-01-27 07:21:57,407 INFO o.a.j.r.ClassFinder: Will scan jar C:\Program Files\Java\apache-jmeter-5.6.3\apache-jmeter-5.6.3\lib\ext\jmeter-plugins-httpraw-0.1.jar with filter ExtendsClassFilter [parents=[interface org.apache.jmeter.functions.Function], inner=false, contains=null, notContains=null]. Consider exposing JMeter plugins via META-INF/services, and add JMeter-Skip-Class-Scanning=true manifest attribute so JMeter can skip classfile scanning
2025-01-27 07:21:57,407 INFO o.a.j.r.ClassFinder: Will scan jar C:\Program Files\Java\apache-jmeter-5.6.3\apache-jmeter-5.6.3\lib\ext\jmeter.backendlistener.azure-0.2.9.jar with filter ExtendsClassFilter [parents=[interface org.apache.jmeter.functions.Function], inner=false, contains=null, notContains=null]. Consider exposing JMeter plugins via META-INF/services, and add JMeter-Skip-Class-Scanning=true manifest attribute so JMeter can skip classfile scanning
2025-01-27 07:21:57,415 INFO o.a.j.r.ClassFinder: Will scan jar C:\Program Files\Java\apache-jmeter-5.6.3\apache-jmeter-5.6.3\lib\ext\jmeter.backendlistener.kafka-1.0.0.jar with filter ExtendsClassFilter [parents=[interface org.apache.jmeter.functions.Function], inner=false, contains=null, notContains=null]. Consider exposing JMeter plugins via META-INF/services, and add JMeter-Skip-Class-Scanning=true manifest attribute so JMeter can skip classfile scanning
2025-01-27 07:21:57,420 INFO o.a.j.r.ClassFinder: Will scan jar C:\Program Files\Java\apache-jmeter-5.6.3\apache-jmeter-5.6.3\lib\ext\citrix-jmeter-0.7.7.jar with filter ExtendsClassFilter [parents=[interface org.apache.jmeter.functions.Function], inner=false, contains=null, notContains=null]. Consider exposing JMeter plugins via META-INF/services, and add JMeter-Skip-Class-Scanning=true manifest attribute so JMeter can skip classfile scanning
2025-01-27 07:21:57,422 INFO o.a.j.r.ClassFinder: Will scan jar C:\Program Files\Java\apache-jmeter-5.6.3\apache-jmeter-5.6.3\lib\ext\rapi-jmeter-plugins-1.0.2.jar with filter ExtendsClassFilter [parents=[interface org.apache.jmeter.functions.Function], inner=false, contains=null, notContains=null]. Consider exposing JMeter plugins via META-INF/services, and add JMeter-Skip-Class-Scanning=true manifest attribute so JMeter can skip classfile scanning
2025-01-27 07:21:57,422 INFO o.a.j.r.ClassFinder: Will scan jar C:\Program Files\Java\apache-jmeter-5.6.3\apache-jmeter-5.6.3\lib\ext\jmeter-plugins-casutg-2.10.jar with filter ExtendsClassFilter [parents=[interface org.apache.jmeter.functions.Function], inner=false, contains=null, notContains=null]. Consider exposing JMeter plugins via META-INF/services, and add JMeter-Skip-Class-Scanning=true manifest attribute so JMeter can skip classfile scanning
2025-01-27 07:21:57,424 INFO o.a.j.r.ClassFinder: Will scan jar C:\Program Files\Java\apache-jmeter-5.6.3\apache-jmeter-5.6.3\lib\ext\jmeter-plugins-dbmon-0.1.jar with filter ExtendsClassFilter [parents=[interface org.apache.jmeter.functions.Function], inner=false, contains=null, notContains=null]. Consider exposing JMeter plugins via META-INF/services, and add JMeter-Skip-Class-Scanning=true manifest attribute so JMeter can skip classfile scanning
2025-01-27 07:21:57,424 INFO o.a.j.r.ClassFinder: Will scan jar C:\Program Files\Java\apache-jmeter-5.6.3\apache-jmeter-5.6.3\lib\ext\jmeter-plugins-casutg-3.0.jar with filter ExtendsClassFilter [parents=[interface org.apache.jmeter.functions.Function], inner=false, contains=null, notContains=null]. Consider exposing JMeter plugins via META-INF/services, and add JMeter-Skip-Class-Scanning=true manifest attribute so JMeter can skip classfile scanning
2025-01-27 07:21:57,424 INFO o.a.j.r.ClassFinder: Will scan jar C:\Program Files\Java\apache-jmeter-5.6.3\apache-jmeter-5.6.3\lib\ext\jmeter-plugins-perfmon-2.1.jar with filter ExtendsClassFilter [parents=[interface org.apache.jmeter.functions.Function], inner=false, contains=null, notContains=null]. Consider exposing JMeter plugins via META-INF/services, and add JMeter-Skip-Class-Scanning=true manifest attribute so JMeter can skip classfile scanning
2025-01-27 07:21:57,424 INFO o.a.j.r.ClassFinder: Will scan jar C:\Program Files\Java\apache-jmeter-5.6.3\apache-jmeter-5.6.3\lib\ext\jmeter-prometheus-plugin-0.6.0.jar with filter ExtendsClassFilter [parents=[interface org.apache.jmeter.functions.Function], inner=false, contains=null, notContains=null]. Consider exposing JMeter plugins via META-INF/services, and add JMeter-Skip-Class-Scanning=true manifest attribute so JMeter can skip classfile scanning
2025-01-27 07:21:57,424 INFO o.a.j.r.ClassFinder: Will scan jar C:\Program Files\Java\apache-jmeter-5.6.3\apache-jmeter-5.6.3\lib\ext\ulp-observability-listener-1.1.0.jar with filter ExtendsClassFilter [parents=[interface org.apache.jmeter.functions.Function], inner=false, contains=null, notContains=null]. Consider exposing JMeter plugins via META-INF/services, and add JMeter-Skip-Class-Scanning=true manifest attribute so JMeter can skip classfile scanning
2025-01-27 07:21:57,424 INFO o.a.j.r.ClassFinder: Will scan jar C:\Program Files\Java\apache-jmeter-5.6.3\apache-jmeter-5.6.3\lib\ext\jmeter-plugins-graphs-additional-2.0.jar with filter ExtendsClassFilter [parents=[interface org.apache.jmeter.functions.Function], inner=false, contains=null, notContains=null]. Consider exposing JMeter plugins via META-INF/services, and add JMeter-Skip-Class-Scanning=true manifest attribute so JMeter can skip classfile scanning
2025-01-27 07:21:57,424 INFO o.a.j.r.ClassFinder: Will scan jar C:\Program Files\Java\apache-jmeter-5.6.3\apache-jmeter-5.6.3\lib\ext\elastic-apm-jmeter-plugin-2.0-jar-with-dependencies.jar with filter ExtendsClassFilter [parents=[interface org.apache.jmeter.functions.Function], inner=false, contains=null, notContains=null]. Consider exposing JMeter plugins via META-INF/services, and add JMeter-Skip-Class-Scanning=true manifest attribute so JMeter can skip classfile scanning
2025-01-27 07:21:57,424 INFO o.a.j.r.ClassFinder: Will scan jar C:\Program Files\Java\apache-jmeter-5.6.3\apache-jmeter-5.6.3\lib\ext\jmeter-plugins-cmd-2.2.jar with filter ExtendsClassFilter [parents=[interface org.apache.jmeter.functions.Function], inner=false, contains=null, notContains=null]. Consider exposing JMeter plugins via META-INF/services, and add JMeter-Skip-Class-Scanning=true manifest attribute so JMeter can skip classfile scanning
2025-01-27 07:21:57,425 INFO o.a.j.r.ClassFinder: Will scan jar C:\Program Files\Java\apache-jmeter-5.6.3\apache-jmeter-5.6.3\lib\ext\jmeter-plugins-csl-0.1.jar with filter ExtendsClassFilter [parents=[interface org.apache.jmeter.functions.Function], inner=false, contains=null, notContains=null]. Consider exposing JMeter plugins via META-INF/services, and add JMeter-Skip-Class-Scanning=true manifest attribute so JMeter can skip classfile scanning
